,Номер,Контрагент,Подразделение,Описание,Часы,Оценка,Комментарии
0,БПФР-013882,КЕЖУЙ НЕФТЕГАЗОВЫЕ УСЛУГИ ООО,Отдел автоматизации ЗУП,"Инициатор: Шамамедов Бяшим Шаджанович 
Руководитель Службы охраны труда, промышленной безопасности и охраны окружающей среды
 тел. 8-9-222-600-104

Настройка ПП 1С: Производственная безопасность. Охрана труда",99.0,9,"Замечания:

1. **Детализация задач**: Некоторые пункты требуют более детального описания содержания работы, чтобы было понятно, что именно требуется сделать. Например, разработка макета печатной формы и механизма заполнения требует уточнения.
   
2. **Согласование с заказчиком**: Необходимо добавить время на согласование промежуточных результатов и итоговой работы с заказчиком.

3. **Общее количество часов**: Сумма всех указанных часов превышает общее количество часов (99), это требует проверки.

4. **Нумерация задач**: Последовательная нумерация задач помогает лучше ориентироваться в плане выполнения задания.

5. **Дополнительные комментарии**: Возможно, стоит включить дополнительные комментарии или пояснения для лучшего понимания объема и сложности задач."
1,БПФР-014539,КЕЖУЙ НЕФТЕГАЗОВЫЕ УСЛУГИ ООО,Отдел автоматизации ЗУП,"Тикет №КЖ000000119
Инициатор: Калачева Галина Юрьевна
Резерв на отпуска в налоговом учете.

Необходимо:
1. Проверить % исчисления резерва
2. Проверить предел суммы резерва 
3. Проверка корректности расчета резерва в программе",3.0,8,"Замечания к заданию:

1. **Недостаточно информации о задаче**: В описании работы указано только общее направление (""проверка корректности расчета резерва""), но нет конкретных шагов или критериев выполнения. Это может привести к неопределенности и разночтениям.
   
2. **Нет четких сроков выполнения**: Хотя указано количество часов, нет конкретного срока сдачи работы.

3. **Неопределенная ответственность**: Не указано, кто должен выполнять проверку – это может привести к путанице и задержкам.

4. **Мало информации о тикете**: Нет связи с общей системой учета заявок или задач, что затрудняет отслеживание хода выполнения.

Рекомендации:
- Добавить детализированное описание проверки резерва (шаги, критерии).
- Указать сроки выполнения и ответственного исполнителя.
- Привязать задачу к системе управления задачами для лучшего контроля и отчетности."
2,БПФР-014670,БСТ ООО,Отдел автоматизации БУ и УУ,"Работа с пользователями Шахты ""Большевик"", Шахты ""Антоновская"", ПВВ",31.25,1,"Задание требует уточнения. Необходимо более четко определить, какие именно работы должны быть выполнены с пользователями шахт ""Большевик"", ""Антоновская"" и ПВВ, и сколько времени потребуется на каждую задачу. Например: 

- Настроить учетные записи пользователей для шахты ""Большевик"".
- Обновить данные пользователей шахты ""Антоновская"".
- Проконсультировать сотрудников ПВВ по работе с новой системой.

Количество часов должно быть распределено между этими задачами, чтобы работа была выполнена эффективно."
3,БПФР-014717,БСТ ООО,Отдел автоматизации БУ и УУ,"Метрополитен
",100.0,1,"Задание сотруднику содержит недостаточно информации о том, что именно нужно сделать в рамках проекта Московского Метрополитена. Необходимо уточнить детали работы, например: какие конкретно процессы автоматизации нужно выполнить, с какими системами работать, какие данные анализировать и т.д. Также важно указать ожидаемые результаты и критерии их оценки."
4,БПФР-014590,КЕЖУЙ НЕФТЕГАЗОВЫЕ УСЛУГИ ООО,Отдел автоматизации ЗУП,"Тикет №КЖ000000125
Инициатор: Титаренко Виктория Сергеевна
6НДФЛ",2.5,8,"Задание требует уточнения. В разделе ""Описание задачи"" укажите конкретные шаги или действия, которые необходимо выполнить. Например: ""Проверить правильность заполнения формы 6-НДФЛ за первый квартал""."
5,БПФР-014668,АВТО ТЮНИНГ ООО,Отдел автоматизации ЗУП,"Инициатор: Вера 8-950-481-27-23
Задание: Консультация по страховым взносам",0.25,1,"Задание сотруднику недостаточно детализировано. Необходимо уточнить следующие моменты:

1. **Какую конкретно тему консультации по страховым взносам требуется рассмотреть?** Например, порядок начисления, расчет базы, ставки, льготы и т.д.
2. **Цель консультации**: например, уточнение правил расчета страховых взносов, проверка правильности настроек в системе 1С и т.п.
3. **Временные рамки**: указать сроки выполнения задачи, если они есть.

Например:

**Задание:**

Консультация по расчету страховых взносов в части пенсионного фонда (ПФР).
---

**Пояснения:**

- Сотрудник должен разобраться с правилами расчета страховых взносов на пенсионное страхование.
- Цель – подтвердить правильность настроек в 1С и убедиться, что все необходимые данные учтены корректно.
- Время на выполнение: 0.25 часа.

Такое уточнение поможет более точно выполнить задачу и получить нужный результат."
6,БПФР-014662,ДИО-КОНСАЛТ ООО,Отдел автоматизации БУ и УУ,"Создать документ содержащий информацию по обновлениям конфигураций ERP, Комплексная автоматизация 2, Бухгалтерия 3, Зарплата и управление персоналом 3, УТ 11, УНФ, ДО 3, Розница 3.",3.0,7,"Задание содержит недостаточно информации для выполнения. Необходимо уточнить, какие именно обновления должны быть включены в список, а также указать сроки выполнения и критерии проверки выполненной работы."
7,БПФР-014664,ДИО-КОНСАЛТ ООО,Отдел автоматизации ПУ и ОУ,Создание презентации по РПД ,1.0,1,"Задание сотруднику сформулировано недостаточно ясно. Необходимо уточнить, какие именно элементы должны быть включены в презентацию, какой формат ожидается, и какие ключевые моменты следует осветить. Например:

**Задание сотруднику:**

*Создание презентации по РПД.*
*Отдел автоматизации ПУ и ОУ.*
*Описание задачи: Создать презентацию по теме «Регламентированный процесс документооборота» для обучения сотрудников.*
*Количество часов на выполнение: 8.*
*Описание работ: Включить следующие слайды:*
- **Слайд 1:** Название и цель презентации.
- **Слайд 2:** Основные разделы регламентированного процесса документооборота.
- **Слайд 3:** Процесс согласования документов.
- **Слайд 4:** Хранение и архивирование документов.
- **Слайд 5:** Обзор основных инструментов и программного обеспечения.
- **Слайд 6:** Пример использования системы на практике.
- **Слайд 7:** Ответы на часто задаваемые вопросы.
- **Слайд 8:** Контактная информация ответственного лица."
8,БПФР-014665,ДИО-КОНСАЛТ ООО,Отдел разработки,Доработка механизма тарифных групп,30.0,10,"Задание сотруднику недостаточно детализировано. Необходимо уточнить, какие именно доработки требуются механизму тарифных групп, и указать критерии проверки выполненной работы."
9,БПФР-014666,КЕЖУЙ НЕФТЕГАЗОВЫЕ УСЛУГИ ООО,Отдел разработки,"Тикеты №КЖ000000101, КЖ000000102, КЖ000000121, КЖ000000133, КЖ000000140

1. Тикет КЖ000000101: настройка интеграции для документа ""Поступление товаров и услуг"".
2. Тикет КЖ000000102: настройка интеграции для документа ""Перемещение товаров"".
3. Тикет КЖ000000121: синхронизация номенклатуры (из 1С: Бухгалтерия в 1С: Документооборот).
4. Тикет КЖ000000133: доработки по 71 счету.
5. Тикет КЖ000000140: исправление нумерации в документах ""Заявка на оплату"", ограничение возможности редактировать номера документов вручную.",60.25,8,"Замечания к заданию:

1. **Детализация тикетов**: Для каждого тикета следует указать более конкретные задачи. Например, вместо ""настройка интеграции для документа 'Поступление товаров и услуг'"" лучше уточнить, какие именно настройки необходимы (например, настройка заполнения реквизитов, интеграция с определенными системами и т.д.).

2. **Содержание работ**: В некоторых пунктах (""тикеты №КЖ000000101, КЖ000000102, КЖ000000121"") указано только действие без уточнения деталей работы. Это может привести к недопониманию того, что конкретно требуется сделать.

3. **Количество часов**: Количество часов (60.25) явно завышено для предложенных задач. Возможно, стоит пересмотреть оценку времени или детализировать задачи еще сильнее.

4. **Организационные моменты**: Следует также уточнить сроки выполнения каждой задачи и назначить ответственного сотрудника, чтобы работа была выполнена в срок.

Рекомендации:
- Разделить общие задачи на более мелкие подзадачи.
- Привести четкое описание всех действий, которые необходимо выполнить.
- Добавить комментарий о том, как будут проверяться результаты работы над каждым тикетом."
10,БПФР-014669,МОСТОСТРОЙ-11 АО,Отдел автоматизации ПУ и ОУ,"Консультации по ведению учета в программе (февраль 2025 г). 
Помощь в закрытии периодов. Консультации по настройке НУ.
Помощь в поиске и исправлении ошибок ведения учета в программе.",30.0,8,"Задание требует уточнения: необходимо конкретизировать, какие именно консультации нужны (по каким разделам учета, налогам, отчетам), а также указать, что именно подразумевается под ошибками ведения учета и как их искать."
11,БПФР-014676,РЕГИОНАЛЬНАЯ УПРАВЛЯЮЩАЯ КОМПАНИЯ ООО,Отдел автоматизации ПУ и ОУ,Восстановление учета КУ и БУ по взаиморасчетам,32.0,8,"Задание недостаточно детализировано. Необходимо уточнить, какие конкретные действия должны быть выполнены, чтобы восстановить учет. Например: **проверка операций с контрагентами**, **корректировка проводок**, **анализ расхождений между бухгалтерским и налоговым учетом** и т.д."
12,БПФР-014678,КЕЖУЙ НЕФТЕГАЗОВЫЕ УСЛУГИ ООО,Отдел автоматизации ЗУП,"Тикет №КЖ000000132
Инициатор: Титаренко Виктория Сергеевна
Задвоение врегистрах НДФЛ по сотруднику,

Почему при начислении натурального дохода в виде подарка, нерезиденту ВКС начисляется налог 30 %, должен быть 13%.",0.25,8,"**Замечания к заданию:**

1. **Описание задачи:** Конкретизируйте проблему с задвоением регистрации в регистрах НДФЛ и уточните, какие именно действия необходимо предпринять для решения этой проблемы.
   
2. **Количество часов:** Указано недостаточное количество времени для выполнения задачи. Рекомендую уточнить объем работы и, соответственно, время, необходимое для её выполнения.

**Комментарий:**  
Для решения данной задачи может потребоваться более детальная проверка регистров НДФЛ, возможно, потребуется взаимодействие с бухгалтерией и IT-отделом. 0,25 часа явно недостаточно для такой комплексной задачи."
13,БПФР-014659,ЦЕНТР ВНЕДРЕНИЯ И СОПРОВОЖДЕНИЯ ООО,Руководство,"Обеспечить проведение разработки по заданиям Заказчика февраль 2025г.
BELVOSOPZ-135 Недостачи после перемещения
BELVOSOPZ-175 АРМ ДЗ
BELVOSLURV-1605 Отчет экономия",84.0,1,"Задание недостаточно детализировано. Необходимо указать конкретные шаги и ожидаемые результаты для каждой задачи. Например:  

**Шаг 1:** Изучение требований заказчика к разработке.
**Шаг 2:** Анализ текущей системы и бизнес-процессов.
**Шаг 3:** Разработка технического задания.
**Шаг 4:** Реализация задачи.
**Шаг 5:** Тестирование решения.
**Шаг 6:** Документирование результатов.

В противном случае сложно оценить объем и сложность работы, что может привести к недооценке трудозатрат."
14,БПФР-014680,"АНО ДПО ""ЦПП""",Отдел автоматизации ЗУП,"Инициатор: Шаламова Любовь Викторовна
Задание: Не правильно выделяется с выплат РК для расчета НДФЛ",0.5,8,"Задача недостаточно детализирована. Необходимо указать, какие именно расчеты неверны и как это влияет на расчет НДФЛ. Также стоит уточнить, какая конкретно операция вызывает проблему."
15,БПФР-014681,ПУРГАЗ АО,Отдел автоматизации БУ и УУ,"Тикет №ПЗ000000286
Инициатор: Зуйкова Марина Валерьевна
Формирование дополнительного листа книги продаж",1.0,10,"Задание содержит недостаточно информации для понимания объема работы. Необходимо уточнить детали: что именно требуется сделать (какие действия), какие данные использовать, есть ли ограничения по срокам и т.д. Например:  

**Задание:**  
1. **Наименование задачи:** Формирование дополнительного листа книги продаж.
2. **Описание задачи:** Подготовка дополнительного листа книги продаж за указанный период согласно установленным требованиям законодательства.
3. **Пояснение:** В рамках задачи необходимо сформировать отчет с указанием всех корректировок к ранее поданным данным о продажах, которые были зарегистрированы в книге продаж.
4. **Время выполнения:** 3 часа.
5. **Действия:**
   - Проверка данных по продажам за указанный период.
   - Анализ необходимости внесения корректировок.
   - Расчет корректировочных сумм.
   - Формирование дополнительного листа книги продаж.
   - Верификация отчета перед подачей.
   
Это позволит сотруднику понять объем работы и спланировать свои действия более эффективно."
16,БПФР-014682,СОГЛАСИЕ ООО,Отдел автоматизации БУ и УУ,"Разработка обработки для создания заявок на расход денежных средств по документу ""Отражение зарплаты в финансовом учете"" в конфигурации 1С:ERP Агропромышленный комплекс.",15.0,10,"Замечания:
1. В описании задачи недостаточно конкретики: не указано, какие именно действия должны быть выполнены для создания заявки на расход денежных средств.
2. Необходимо уточнить, какая функциональность должна быть реализована в обработке (например, автоматическое создание заявок на основании данных документа ""Отражение зарплаты в финансовом учете"", возможность ручного редактирования заявок и т.д.).
3. Общее количество часов (15) кажется недостаточным для выполнения такой задачи. Возможно, стоит пересмотреть оценку трудозатрат."
17,БПФР-014685,ХАУС ГРУПП ООО,Отдел автоматизации ЗУП,"Олеся 8-961-204-58-27
При загрузке ЭЛН возникает ошибка 443",0.25,10,"Задание сотруднику недостаточно детализировано. Вот пример улучшенного варианта:

**Задача:**  
Решить ошибку 443 при загрузке электронных листов нетрудоспособности (ЭЛН) в 1С ЗУП.

**Время на задачу:**  
0.25 часа

**Описание работы:**  
1. Проверить настройки интеграции с ФСС и обновить необходимые компоненты.
2. Настроить права доступа пользователей к загрузке ЭЛН.
3. Проанализировать журнал регистрации для поиска ошибок при загрузке.
4. При необходимости обратиться в техническую поддержку 1С для получения дополнительной помощи."
18,БПФР-014686,ИНЖЕНЕРНО-ТЕХНОЛОГИЧЕСКИЙ СЕРВИС ООО,Отдел автоматизации ЗУП,Проект по переходу ИТС из ЗУП 2.5 в ЗУП 3.1 (Опытная эксплуатация),66.0,8,"Задание недостаточно детализировано. В нем отсутствует информация о конкретных шагах и задачах, которые необходимо выполнить в рамках проекта. Необходимо уточнить, какие именно работы будут выполнены в ходе опытной эксплуатации, какова их последовательность и кто за что отвечает."
19,БПФР-014687,ИНЖЕНЕРНО-ТЕХНОЛОГИЧЕСКИЙ СЕРВИС ООО,Отдел автоматизации ЗУП,"Проект по переходу из ЗУП 2.5 в 3.1 ННГГФ, ИТС. 
Проверка начислений, настройка начислений, исправление ошибок, проверка плановых начислений.",93.75,8,Задание содержит недостаточно информации о содержании работы и требует уточнения количества часов.
20,БПФР-014815,БСТ ООО,Отдел автоматизации ПУ и ОУ,Закрытие заявок в Jira. Сбор отчетности по закрытию года 2024. ,144.44,8,"Задание недостаточно детализировано. Нужно указать конкретные шаги и результаты, которых ожидают от выполнения работы. Например: 

**Шаг 1: Закрытие всех открытых заявок в Jira до определённой даты.**  
- Перечень открытых заявок.  
- Инструкции по их закрытию.  
- Проверка качества выполненных задач.

**Шаг 2: Подготовка и сбор отчетности по закрытию года 2024.**  
- Определение перечня необходимых данных.  
- Формирование отчетов.  
- Предоставление отчета руководителю.

Количество часов должно соответствовать объему работ."
21,БПФР-014895,ЗАВОДОУКОВСКИЙ МАШЗАВОД АО,Отдел автоматизации БУ и УУ,"Инициатор: Харланович Наталия Владимировна
Задание: Работы в части нормализации номенклатуры и автоматизации закупок",16.5,8,"Задание требует уточнения. Необходимо конкретизировать работы, связанные с правильностью формирования налога на прибыль, а также уточнить детализацию по часам. Например:

**Текущее состояние:**
- Тема задания: Правильность формирования налога на прибыль в бухгалтерском и налоговом учете.
- Подразделение: Отдел автоматизации БУ и УУ.
- Инициатор: Харланович Наталия Владимировна.
- Описание задачи: Нормализация номенклатуры и автоматизация закупок.
- Часы: 16.5.
- **Детализация задач:**
  1. Анализ текущих процессов учета налога на прибыль.
  2. Разработка рекомендаций по оптимизации учетных процедур.
  3. Автоматизация расчетов налога на прибыль в соответствии с требованиями законодательства.
  4. Проверка корректности отражения операций в бухгалтерской отчетности.
  5. Оптимизация налоговых регистров.

Это позволит более точно оценить объем и сложность задачи."
22,БПФР-014692,ТЕХНО-ЦЕНТР ООО,Отдел автоматизации БУ и УУ,Необходима помощь в корректировке регистров по страховым взносам и НДФЛ,5.0,8,"Задание недостаточно детализировано. Необходимо указать конкретные регистры, которые требуют корректировки, и шаги, которые нужно предпринять для этого. Также следует уточнить, какие расчеты необходимо пересмотреть и почему."
23,БПФР-014714,ТСМ АО,Отдел автоматизации ЗУП,"Инициатор: Собольникова Анна Сергеевна 
(7-3456-25-30-90 доб. 121)
Задание: Не выделяется РКСН с начислений, в операции учета НДФЛ присвоить подразделение
Консультация по НДФЛ",0.5,8,"Задание содержит недостаточно информации для выполнения. Необходимо уточнить следующие моменты:

1. Что такое РКСН и почему его необходимо выделять?
2. Почему важно присвоить подразделение в операции учета НДФЛ?
3. Какие конкретные шаги нужно предпринять для решения этих задач?

В текущем виде сложно оценить объем работы и предложить точные рекомендации."
24,БПФР-014715,"АНО ДПО ""ЦПП""",Отдел автоматизации ЗУП,"Инициатор: Шаламова Любовь Викторовна
Задание: Задвоение НДФЛ, вычетов в расчетных листках",0.75,8,"**Описание задачи:**  
Задвоение НДФЛ и вычетов в расчетных листках. Необходимо проверить правильность расчета НДФЛ и корректность применения вычетов.  

**Работы:**  
- Проверить настройки параметров учета в 1С.
- Проанализировать расчет НДФЛ в типовых операциях.
- Сверка с данными бухгалтерского учета (если необходимо).
- Корректировка ошибок в случае их обнаружения."
25,БПФР-014711,ДИО-КОНСАЛТ ООО,Отдел автоматизации ЗУП,Ошибка при отправке  отчета ЕФС 1 подраздел 1.1,1.0,1,"Задание недостаточно конкретно. Необходимо уточнить, какая именно ошибка возникла при отправке отчета и какие действия требуется предпринять для ее устранения."
26,БПФР-014712,ПУРГАЗ АО,Отдел автоматизации ЗУП,"Инициатор: Гульчак Ольга Николаевна
Некорректно считает доплату за совмещение должностей по Бедрицкой Н.О.",0.25,1,"Задание сотруднику требует уточнения:

1. **Некорректно считает доплату за совмещение должностей по Бедрицкой Н.О.** – необходимо проверить правильность расчета доплаты за совмещение должностей для Бедрицкой Н.О.
  
2. **Количество часов на выполнение: 0.25 часа** – это очень мало времени для выполнения такой задачи. Рекомендуется увеличить время или уточнить детали задачи.

3. **Содержание работы** – здесь следует подробно указать, что именно нужно сделать (например, проверить формулы расчета, провести сверку с нормативными документами).

В текущем виде задача недостаточно конкретизирована."
27,БПФР-014700,КЕЖУЙ НЕФТЕГАЗОВЫЕ УСЛУГИ ООО,Отдел автоматизации ПУ и ОУ,"Тикет №КЖ000000133
Инициатор: Каштан Анна Тагировна
Дороботки по счету 71",8.5,8,"Задание сотруднику:

**Тикет №КЖ000000133** – Доработка по счету 71.
**Отдел автоматизации ПУ и ОУ** – подразделение, выполняющее задачу.
**Количество часов:** 8.5 – указано верно.
**Описание работ:** Требуется провести доработку учета по счету 71. Необходимо уточнить детали и обоснование выполненных операций. Проверить правильность отражения расходов в бухгалтерском и налоговом учете.

Возможно, стоит уточнить объем и содержание доработки, чтобы избежать неопределенности."
28,БПФР-014597,АЛЬКОР ЗАО МПКФ,Отдел автоматизации ЗУП,"Инициатор: Чикишева Светлана Сергеевна (8-904-492-54-22)

Задание: 
1. Некорректно считает НДФЛ по сотрудникам: Велижанин Иван Николаевич, Алеев Альберт Файзиевич, Сидоров Александр Владимирович, Туманов Сергей Владимирович и в ведомость на выплату некорректно подтягивает сумму НДФЛ.
2. Некорректно считает премию за выполнение плана по Филиппову Эдуарду Алексеевичу",1.75,8,"Задание требует доработки. В текущем виде недостаточно информации для понимания сути проблемы и необходимых действий. Вот пример улучшения:

**Задание сотруднику:**

**Контрагент:** Не указан
**Подразделение:** Отдел автоматизации ЗУП
**Описание:** Тикет №__
**Инициатор:** Чикишева Светлана Сергеевна (8-904-492-54-22)

**Задание:**
1. **Проблема:** В расчете НДФЛ по сотрудникам Велижанин Иван Николаевич, Алеев Альберт Файзиевич, Сидоров Александр Владимирович происходит ошибка, и неверная сумма НДФЛ отображается в ведомости на выплату.
   - **Что проверить:** Правильность настройки ставок НДФЛ и удержаний.
   - **Действия:** Проверить настройки налогов и удержаний в карточке сотрудников.
   
2. **Проблема:** Премия за выполнение плана по Филиппову Эдуарду Алексеевичу рассчитывается неправильно.
   - **Что проверить:** Настройку формулы расчета премии, корректность заполнения данных о выполнении плана.
   - **Действия:** Проверить формулу расчета премии и соответствие фактических данных плановым показателям.

3. **Объем работы:** 1.75 часа.
   - **Описание работ:** Необходимо проверить настройки налогов и удержаний, формулу расчета премии, и обновить данные по выполнению плана."
29,БПФР-014702,Чащилов Андрей Петрович ИП,Отдел автоматизации ПУ и ОУ,Установка драйвера для ККТ ШТРИХ-М версии 5.17.1019,0.5,10,"Задача должна быть описана более подробно. Например: 

**Задание сотруднику:**

**Название подразделения:** Отдел автоматизации ПУ и ОУ  
**Тема задания:** Проблема с ККТ ШТРИХ-М  
**Описание задачи:** Установить драйвер для ККТ ШТРИХ-М версии 5.17.1019.  
**Количество часов на выполнение:** 0.5  
**Описание работ:**  
1. Скачать последнюю версию драйвера с официального сайта производителя.  
2. Запустить установочный файл и следовать инструкциям мастера установки.  
3. Перезагрузить компьютер после завершения установки.  
4. Проверить работоспособность кассового аппарата."
30,БПФР-014703,ДИО-КОНСАЛТ ООО,Отдел разработки,"1. Доработка расширения ""Анкета компетенций""
2. Перенос доработок на рабочую базу: расширения ""Менеджер паролей"", ""Анкета компетенций""
3. Консультирование по вопросам, связанным с внутренними задачами и написанием диплома
4. Отражение ЗП за январь
5. Доработка расширения ""Занятость сотрудников""
6. ЗУП: неверный банк в зарплатных проектах, документах и т. д.
7. Ошибка при записи контактных лиц: анализ данных, исправление данных по контактным лицам",20.0,8,"Задание сотруднику требует уточнения и детализации. Вот несколько предложений для улучшения структуры:

### Пример улучшенного задания:

**Тема: Внутренние задачи**  
**Подразделение: Отдел разработки**

1. **Доработка расширения ""Анкета компетенций"":**  
   - Описание: Добавить новые поля в анкету компетенций, проверить их отображение и валидацию.  
   - Часы: 5  
   
2. **Перенос доработок на рабочую базу:**  
   - Расширения: ""Менеджер паролей"", ""Анкета компетенций"".  
   - Описание: Скопировать все изменения с тестовой базы на рабочую, обновить ссылки и зависимости.  
   - Часы: 5  

3. **Консультирование по вопросам, связанным с внутренними задачами и написанием диплома:**  
   - Описание: Предоставить консультации по запросам сотрудников, касающимся внутренних задач и написания дипломов.  
   - Часы: 3  

4. **Отражение ЗП за январь:**  
   - Описание: Провести полный расчет заработной платы за январь месяц, включая все необходимые удержания и выплаты.  
   - Часы: 8  

5. **Доработка расширения ""Занятость сотрудников"":**  
   - Описание: Реализовать функционал, позволяющий учитывать фактическую занятость сотрудников.  
   - Часы: 7  

6. **ЗУП: неверный банк в зарплатных проектах, документах и т.д.:**  
   - Описание: Найти и исправить ошибки в настройках банковских счетов для зарплатных проектов, а также в соответствующих документах.  
   - Часы: 5  

7. **Ошибка при записи контактных лиц:**  
   - Описание: Анализ данных и исправление ошибок в записях о контактных лицах.  
   - Часы: 5  

---

Таким образом, каждое задание имеет четкое описание, требуемые часы и конкретное направление работы."
31,БПФР-014705,ПУРГАЗ АО,Отдел автоматизации ЗУП,"Тикет №ПЗ000000288
Инициатор: Гульчак Ольга Николаевна
Сведения для отражения зарплаты",4.0,10,"Задание недостаточно детализировано. Необходимо уточнить, какие именно сведения для отражения зарплаты требуются, какой объем работы предполагается, и какие конкретные действия должны быть выполнены. Например:

**Задание:**

Тикет №ПЗ000000288  
Отдел автоматизации ЗУП  
Сведения для отражения зарплаты  
Количество часов: 4  
Описание задачи: Получить и проверить данные для отражения заработной платы за текущий месяц. Подготовить отчет с детализацией по сотрудникам и видам начислений/удержаний.  
**Работа:**  
1. Собрать необходимые данные из систем учета зарплаты.
2. Провести проверку данных на наличие ошибок и несоответствий.
3. Подготовить отчет в формате Excel.
4. Передать отчет инициатору задания."
32,БПФР-014706,ТСМ АО,Отдел автоматизации БУ и УУ,"Инициатор: Соколовская Алевтина Николаевна
Консультация по вопросам закрытие 20.01 счета, проведения корректировки долга по 62.02счету , отражения операций по НДС с авансов полученных ",2.5,7,"**Комментарий к заданию:**

Задание недостаточно детализировано. В описании задачи следует уточнить, какие именно вопросы по закрытию 20.01 счета и отражению операций по НДС с авансов полученных необходимо рассмотреть. Также желательно указать конкретные шаги или этапы работы, чтобы сотрудник понимал, что именно ему предстоит сделать. Например, какие проводки должны быть сделаны, как скорректировать задолженность по счету 62.02 и т.д."
33,БПФР-014710,ОЙЛ МАРКЕТ ООО,Отдел автоматизации ПУ и ОУ,Обновление конфигурации Управление торговлей,1.0,10,"Задание недостаточно детализировано. Необходимо указать конкретные шаги или действия, которые сотрудник должен выполнить при обновлении конфигурации. Например: 

- Скачать актуальную версию обновления с сайта поддержки.
- Проанализировать изменения в новой версии.
- Обновить конфигурацию в тестовой базе данных.
- Провести тестирование новых функций и исправлений.
- Применить необходимые изменения в рабочей базе данных.

Также стоит уточнить, требуется ли подготовка к обновлению или дополнительные проверки после его выполнения."
34,БПФР-014713,СИБИТЕК АО,Отдел автоматизации ЗУП,"Инициатор: Акишева Елена Евгеньевна 
Разбивка оплаты по среднему на основную, РК и СН с помощью ""Помощника перехода на новые начисления оплат по среднему""",0.25,8,"Задание недостаточно детализировано. Необходимо уточнить следующие моменты:

1. **Что именно требуется сделать с разбивкой оплаты по среднему?** Например, какова цель этого процесса (переход на новую систему расчетов, оптимизация текущих процессов и т.д.)?
2. **Какие конкретные шаги должны быть выполнены в рамках этой задачи?** Нужно ли создать новый документ, внести изменения в существующий функционал или провести анализ данных?
3. **Нужно ли подготовить отчетность или документы по результатам работы?** Если да, то какие именно?
4. **Как следует оформить результаты работы?** Должны ли они быть задокументированы в виде отчета или просто внесены в систему?

Без этих уточнений невозможно точно определить объем и сложность задачи."
35,БПФР-014886,БСТ ООО,Отдел автоматизации БУ и УУ,"Работа с пользователями Шахты ""Большевик"", Шахты ""Антоновская"", ПВВ",31.25,8,"Задание недостаточно детализировано. Необходимо уточнить, какие именно действия должны быть выполнены в отношении пользователей шахт ""Большевик"", ""Антоновская"" и ПВВ, и почему на это требуется 31.25 часа."
36,БПФР-014718,ИНЖЕНЕРНО-ТЕХНОЛОГИЧЕСКИЙ СЕРВИС ООО,Отдел автоматизации ЗУП,Проект по переходу из ЗУП 2.5 в ЗУП 3.1,81.29,10,"Задание недостаточно детализировано. Необходимо уточнить, какие конкретные шаги должны быть выполнены в рамках проекта перехода, и указать, какие аспекты необходимо проверить или настроить в системе ЗУП 3.1."
37,БПФР-014719,ПУРГАЗ АО,Отдел автоматизации ЗУП,"Инициатор: Гульчак Ольга Николаевна
Добавить возможность вывода в отчет ""Расчетный листок"" нормы времени сотрудника по часам",5.0,8,"Задание сформулировано кратко, но требует уточнения:

**Что конкретно нужно сделать?**
- Нужно добавить функционал для вывода нормы времени сотрудника в отчет ""Расчетный листок"".
- Какие поля или параметры должны быть учтены при расчете этой нормы?
- Какой период или условия должны быть указаны для вывода этой информации?
  
Пока недостаточно информации о том, что именно необходимо изменить в коде или какие данные нужно учитывать для выполнения этого запроса.

Рекомендую дополнить задание следующей информацией:
- Где хранится информация о норме времени сотрудника (например, в справочнике, таблице базы данных)?
- Как должна выглядеть норма времени в отчете (формат вывода, единицы измерения)?
- Есть ли дополнительные требования к выводу этой информации (фильтрация по отделам, периодам и т.д.)?

Без этих уточнений сложно оценить объем работы и предоставить точные рекомендации."
38,БПФР-014720,Агротехнический центр АО,Руководство,Тестирование и исправление закрытия затратных счетов.,10.0,1,"Задание требует уточнения: необходимо более подробно описать цель реорганизации, какие именно счета подлежат тестированию и исправлению, а также какова конечная цель после выполнения этих работ."
39,БПФР-014722,ИНЖЕНЕРНО-ТЕХНОЛОГИЧЕСКИЙ СЕРВИС ООО,Отдел автоматизации ЗУП,работы по проекту,80.5,7,"Замечания к заданию:

1. **Отсутствие конкретики**: В описании задачи указано только общее направление работы без детализации задач. Это затрудняет понимание объема и сложности работы.

2. **Неточность формулировки**: В графе ""работы по проекту"" указано ""80.5"", что может ввести в заблуждение относительно реального количества часов. Возможно, здесь подразумевается не целое число, а дробное?

3. **Избыточное время****: 80.5 часа на выполнение задачи, которая должна занимать несколько часов, кажется избыточным. Возможно, это ошибка или недоразумение с количеством часов.

Рекомендации:
- Детализировать описание задачи, чтобы было понятно, какие именно шаги необходимо выполнить.
- Уточнить количество часов, возможно, указать диапазон допустимых значений.
- Проанализировать необходимость такого большого количества времени для выполнения данной задачи."
40,БПФР-014723,РЕГИОНАЛЬНАЯ УПРАВЛЯЮЩАЯ КОМПАНИЯ ООО,Отдел автоматизации ЗУП,"Инициатор: Меньшикова Елена Владимировна (8-905-852-38-36)
Почему при расчете доплаты за работу в праздники, стоимость часа разная у сотрудников с одинаковыми окладами (Архипова Альбина и Шагимарданова Оксана)?",0.25,10,"Задание недостаточно детализировано. Необходимо указать конкретные шаги или действия, которые должны быть выполнены для решения проблемы. Например:

1. Проанализировать расчет стоимости часа работы каждого сотрудника.
2. Проверить настройки графика работы и переработки.
3. Изучить наличие премий или надбавок, влияющих на стоимость часа.
4. При необходимости, проверить правильность учета рабочего времени в системе.

В текущем виде задание требует уточнения и дополнения для четкого понимания того, что именно требуется исследовать и как это связано с системой 1С ЗУП."
41,БПФР-014724,ДИО-КОНСАЛТ ООО,Отдел автоматизации ПУ и ОУ,"Создание регламента по процессу подписания рабочего задания.
Создание инструкции по процессу создания РЗ в ЭСТИ: УФФ.",4.0,8,"Задание содержит недостаточно информации о процессе согласования рабочих заданий. Необходимо уточнить:
- Кто является инициатором создания регламента?
- Какие конкретные шаги должны быть прописаны в регламенте?
- Кому и как будут направляться подписанные рабочие задания?
- Как будет происходить контроль за выполнением регламента?

Без этих деталей регламент останется неполным и труднореализуемым."
42,БПФР-014726,ПУРГАЗ АО,Отдел автоматизации БУ и УУ,"Подготовка к переходу (обновлению) конфигурации ПП «1C:Бухгалтерия Предприятия КОРП»  с версии 3.0.160.22 на версию 3.0.169.15 через релизы 3.0.164.20 и 3.0.166.25. Анализ изменений в расширениях, обновление объектов расширения, обновление форм документов, общих модулей, справочников и других объектов в расширениях. Обновление тестовой информационной базы БП. Проверка наличия сохраненных доработанных объектов в конфигурации и расширении БП. Тестирование обновленных объектов, тестирование на возникновение программных ошибок, тестирование прав пользователей. Устранение выявленных ошибок при обновлении. Подготовка к обновлению рабочей базы, перенос необходимых файлов на сервер Заказчика, создание архива конфигурации, базы данных и конфигурации расширения, загрузка новой конфигурации на рабочую базу, обновление информационной базы. Устранение выявленных ошибок пользователями.",90.0,8,"Задание содержит достаточно информации для выполнения работы, но можно добавить несколько уточнений:

1. **Процесс обновления**:
   - Какие конкретные шаги будут предприняты при обновлении? Например, проверка регламентных операций, анализ производительности, настройка прав доступа и т.д.
   
2. **Тестирование**:
   - Какие именно объекты будут проверены на наличие ошибок после обновления?
   - Планируется ли тестирование на реальных данных или только формально-техническое тестирование?

3. **Документация**:
   - Кто будет отвечать за подготовку документации по итогам выполненных работ?

4. **Этапы работ**:
   - Возможно, стоит разделить задачу на этапы (например, обновление тестовой базы, подготовка рабочей базы, устранение ошибок). Это поможет лучше контролировать процесс."
43,БПФР-014727,ХМГЭС АО,Отдел автоматизации ПУ и ОУ,Ошибка: Не найден Электронный Документ по идентификатору ЭДО,0.25,1,"Задание недостаточно детализировано. Необходимо уточнить:

- Конкретизировать ошибку (например, какой именно документ не найден, причины ошибки).
- Детально описать работы, которые необходимо выполнить для решения проблемы (например, проверить наличие документа, связаться с контрагентом, внести изменения в систему и т.д.).
- Указать, кто является инициатором задания и какие сроки выполнения установлены.

Только после этого можно оценить объем работ и определить правильное количество часов."
44,БПФР-014758,ДИО-КОНСАЛТ ООО,Отдел автоматизации ПУ и ОУ,Изучение 1C:ERP производственный модуль.,8.0,8,"Задание требует уточнения: необходимо более подробно описать, какие именно аспекты производственного модуля 1C:ERP должны быть изучены, и как это связано с подготовкой к обучению и консультациям клиентов УНСФ (УНФ строит). Также важно указать, какие результаты ожидаются после выполнения этой работы."
45,БПФР-014731,ТРИМЕТ ООО,Отдел автоматизации ЗУП,"Инициатор: Рахимжанова Елена Есимовна
Консультация ",0.25,10,"Задание недостаточно детализировано. Необходимо указать конкретные вопросы по 1С ЗУП, которые необходимо обсудить, и добавить больше информации о работах, которые требуется выполнить. Например:

**Консультация 1С ЗУП**  
**Отдел автоматизации ЗУП**  
**Инициатор: Рахимжанова Елена Есимовна**  
**Консультация**  
- Обсуждение настройки параметров расчета резервов на отпуска в 1С ЗУП  
- Анализ правильности использования счетов учета при создании резервов  
- Разъяснение порядка отражения резервов в регламентированной отчетности  
- Часы: 0.25  
- Работы: Обсудить с коллегами ключевые моменты настройки и расчета резервов на отпуска в 1С ЗУП."
46,БПФР-014732,ТЕХНОЛОГИЯ - ТЮМЕНЬ ООО,Отдел автоматизации ПУ и ОУ,"Подготовка тестовой площадки и контрольных примеров. Анализ ошибок закрытия месяца, восстановление записей регистров для исправления ошибки списания номенклатуры. Тестирование операций закрытия месяца на новой учетной политики компании",17.0,8,"Задание содержит недостаточно информации для понимания объема и сложности работы. Необходимо уточнить:
- Какие конкретно ошибки закрытия месяца нужно анализировать?
- Какие действия требуются для восстановления записей регистров?
- Какие операции нужно тестировать при закрытии месяца на новой учетной политике?
- Нужно ли подготовить дополнительные контрольные примеры или тестовые данные?

Пожалуйста, предоставьте более детальное описание задач, чтобы можно было оценить их сложность и время выполнения."
47,БПФР-014736,ТЕХНОЛОГИЯ - ТЮМЕНЬ ООО,Отдел автоматизации ПУ и ОУ,"Ольга (8-982-932-31-22)
Консультация",0.25,10,"Задание недостаточно детализировано. Необходимо уточнить объем работы и задачи, которые должны быть выполнены. Например: 

**Задание:**  
Консультация по настройке параметров учета в 1С ЗУП для автоматического расчета резервов на оплату отпусков.

**Подразделение:**  
Отдел автоматизации ПУ и ОУ

**Исполнитель:**  
Ольга (8-982-932-31-22)

**Количество часов:**  
0.25 часа

**Описание задачи:**  
Необходимо провести консультацию по настройке параметров учета в 1С ЗУП для корректного расчета резервов на оплату отпусков, включая проверку алгоритма расчета, настройки резервов и анализ возможности интеграции с другими системами."
48,БПФР-014737,ПУРГАЗ АО,Отдел разработки,"Тикет №ПЗ000000289
Инициатор: Гульчак Ольга Николаевна
Приведение в соответствие печатных форм индивидуальных графиков и графиков работы сотрудников",4.5,10,"Задание требует уточнения:  
- Какие именно формы необходимо привести в соответствие?  
- Нужно ли обновить шаблоны или сами графики работы сотрудников?  
- Возможно, стоит указать конкретные сроки выполнения или требования к результату?"
49,БПФР-014738,ЗЕРНОВОЕ ООО,Отдел автоматизации ЗУП,"Инициатор: Елена 500-231 доб. 3
Каким документом в программе увеличить отпуск на 2 дня по сотруднику с инвалидностью",0.25,8,"Задача недостаточно конкретизирована. Необходимо уточнить, какой именно документ нужно использовать для увеличения отпуска и какие данные необходимо изменить. Также стоит указать, на каком этапе находится работа и что требуется от сотрудника."
50,БПФР-014739,ДИО-КОНСАЛТ ООО,Отдел автоматизации ПУ и ОУ,"Формирование расширения для добавления в отчет ""График производства"" и ""График производства партии запуска"" характеристики номенклатуры, а также отражение ее в наименовании.",6.5,8,"Замечания:
1. **Недостаточно информации** о том, какие именно изменения требуется внести в отчет. Какие новые поля или параметры необходимо добавить?
2. **Отсутствие связи с бизнес-процессами**. Не указано, как эти изменения повлияют на работу компании или пользователей системы.
3. **Объем часов не соответствует сложности задачи**. 6.5 часа недостаточно для выполнения такого объема работы.

Рекомендации:
1. Детально опишите, что конкретно нужно изменить в отчете.
2. Объясните, зачем это нужно и как это связано с бизнес-задачами компании.
3. При необходимости увеличьте время на выполнение задачи."
51,БПФР-014740,ППР ТЮМЕНСКИЙ ООО,Отдел автоматизации ПУ и ОУ,Установка 1С:Предприятие 8. Отчетность АПК,0.75,10,"Задание сформулировано кратко, но требует уточнения:

**Что именно нужно установить?** 
- Какие компоненты системы (базовые, конфигуратор, платформа)?
- Требуется ли настройка после установки?
  
**Какие действия необходимо предпринять?** 
- Нужно ли создать новые базы данных?
- Как будет использоваться установка – только для отчетности или также для других целей?

Поле **""описание работ""** пустое, что затрудняет понимание объема работы. Следует указать конкретные шаги, например:
- Скачать дистрибутив с официального сайта
- Запустить инсталлятор
- Выполнить настройки согласно инструкции

Дополнительно можно уточнить требования к системе (операционная система, версия платформы и т.д.)."
52,БПФР-014757,ПАЛЛАДА ООО,Отдел автоматизации ПУ и ОУ,"Демонстрация для ООО ""Паллада"" работы с ""Честным знаком"".",3.5,8,"**Замечания:**

1. В поле ""Описание"" укажите конкретную цель обучения или консультации, например: ""Проведение демонстрации функционала УНСФ (УНФ строит) для сотрудников ООО 'Паллада' по работе с системой 'Честный знак'."", чтобы было ясно, что именно необходимо сделать.
   
2. В поле ""Количество часов"" уточните, сколько времени займет выполнение всей задачи, включая подготовку и проведение демонстрации.

3. Поле ""Описание работ, которые нужно выполнить"" можно детализировать, указав, какие именно аспекты функционала УНСФ будут демонстрироваться, и как это связано с работой в системе ""Честный знак""."
53,БПФР-014891,ЗАВОДОУКОВСКИЙ МАШЗАВОД АО,Отдел автоматизации БУ и УУ,"Инициатор: Харланович Наталия Владимировна
Задание: Проверьте правильность формирования налога на прибыль в бухгалтерском и налоговом учете",18.5,10,"Задание сформулировано кратко, но недостаточно понятно. Вот предложения по улучшению:

**Хорошее задание:**

---

**Контрагент:** Не указан
**Подразделение:** Отдел автоматизации БУ и УУ
**Описание:** Тема задания – проверка правильности формирования налога на прибыль в бухгалтерском и налоговом учете.
**Инициатор:** Харланович Наталия Владимировна
**Часы:** 18.5
**Описание работы:** Необходимо провести сверку данных по расчету налога на прибыль в бухгалтерском и налоговом учете, проверить корректность применения ставок, сопоставить налоговые базы и выявить возможные расхождения. В случае обнаружения расхождений предложить рекомендации по их устранению.

---

Этот вариант более детально описывает задачу и помогает сотруднику понять объем и сложность работы."
54,БПФР-014750,Майер Виктор Яковлевич ИП,Отдел автоматизации ПУ и ОУ,"Обновление типовой конфигурации ""1С:Зарплата и Управление Персоналом, редакция 3.1"" до последнего актуального релиза 3.1.32.17
Установка последних патчей.",1.0,10,"Задание содержит недостаточно информации о том, что именно необходимо обновить и какие действия должны быть выполнены. Необходимо уточнить детали:

- Какие конкретно объекты конфигурации требуют обновления?
- Нужно ли проводить тестирование после обновления?
- Есть ли необходимость в установке дополнительных расширений или патчей?
- Если есть специфические требования к обновлению, их тоже стоит указать.

Без этих деталей невозможно точно определить объем работы и правильно оценить время выполнения."
55,БПФР-014751,РАДУГА ООО,Отдел автоматизации ПУ и ОУ,"Обновление информационной базы конфигурации ""1С:Бухгалтерия предприятия, редакция 3.0"" до последнего актуального релиза 3.0.170.19, установка патчей и исправлений.",1.0,8,"Задание требует уточнения. Необходимо указать конкретные шаги и действия, которые сотрудник должен выполнить, а также проверить, что обновление касается именно версии 3.0.170.19, так как существуют разные версии конфигурации ""1С:Бухгалтерия предприятия""."
56,БПФР-014752,ЭНЕРГОСНАБ ООО,Отдел автоматизации ПУ и ОУ,"Создание резервных копий информационных баз.
Обновление двух информационных:
Обновление информационной базы типовой конфигурации ""1С:Бухгалтерия предприятия, редакция 3.0"" с релиза 3.0.168.19 до последнего актуального релиза 3.0.170.19
Обновление информационной базы типовой конфигурации ""1С:Управление нашей фирмой, редакция 3"" с релиза 3.0.10.178 до последнего актуального релиза 3.0.10.210
Установка патчей.",1.0,10,"Задание сотруднику требует уточнения и детализации. Вот пример того, как его можно улучшить:

**Задание сотруднику:**

**Название задания:** Обновление конфигураций Бух и УНФ
**Подразделение:** Отдел автоматизации ПУ и ОУ
**Цель:** Актуализация текущих версий конфигураций ""1С:Бухгалтерия предприятия, редакция 3.0"" и ""1С:Управление нашей фирмой, редакция 3"".
**Описание:**
- **Информационная база:** ""1С:Бухгалтерия предприятия, редакция 3.0"", релиз 3.0.168.19 → последний актуальный релиз 3.0.170.19
- **Информационная база:** ""1С:Управление нашей фирмой, редакция 3"", релиз 3.0.10.178 → последний актуальный релиз 3.0.10.210
- **Время выполнения:** 4 часа
- **Важные шаги:**
  1. Скачать актуальные обновления с официального сайта поддержки пользователей ""1С"".
  2. Провести тестирование обновлений перед их установкой.
  3. Установить патчи после успешной проверки.
  4. Выполнить проверку функциональности системы после установки обновлений.

Добавьте дополнительные комментарии, если считаете нужным."
57,БПФР-014753,ЯМАЛЬСКИЙ СТРОИТЕЛЬ ООО,Отдел автоматизации ПУ и ОУ,"Обновление информационной базы конфигурации ""1С:Бухгалтерия предприятия, редакция 3.0"" до последнего актуального релиза 3.0.170.19
Обновление информационной базы типовой конфигурации ""1С:Зарплата и Управление персоналом, редакция 3"" до актуальной версии 3.1.32.17
Установка патчей.",1.5,8,"Задание требует уточнения:  
- Какие именно патчи необходимо установить?  
- Нужно ли выполнить дополнительные настройки после установки патчей?  
- Есть ли какие-то специфические требования или ограничения, связанные с обновлением?"
58,БПФР-014754,ПОЛНОЕ ПРАВО ООО,Отдел автоматизации ПУ и ОУ,"Создание резервной копии информационной базы
Обновление типовой конфигурации ""1С:Бухгалтерия предприятия, редакция 3.0"" до последнего актуального релиза 3.0.170.19
Установка последних патчей.",1.0,8,"Задание требует уточнения. Необходимо более подробно описать работы, которые должны быть выполнены, включая шаги по созданию резервной копии, обновлению конфигурации и установке патчей. Также стоит указать, требуется ли тестирование после обновления и какие именно компоненты системы должны быть обновлены."
59,БПФР-014760,КЕЖУЙ НЕФТЕГАЗОВЫЕ УСЛУГИ ООО,Отдел разработки,"Тикет №КЖ000000136
Инициатор: Бохинский Евгений Викторович
Не правильно отражаются остатки",4.0,8,"Задание требует уточнения. В текущем виде недостаточно информации о том, что именно нужно сделать для решения проблемы с остатками. Необходимо более подробно описать, какие действия должны быть предприняты, чтобы решить проблему с неверным отражением остатков."
60,БПФР-014761,СТРОЙ-ИНВЕСТ ООО СК,Отдел автоматизации ПУ и ОУ,"Обновление типовой конфигурации ""1С:Бухгалтерия предприятия, редакция 3.0"" до последнего актуального релиза 3.0.170.19
Установка последних патчей.",1.0,8,"Задание сотруднику сформулировано кратко, но требует уточнения. Вот как можно его улучшить:

**Пример улучшения задания:**

**Название задания:** Обновление конфигурации «1С:Бухгалтерия предприятия, редакция 3.0» до релиза 3.0.170.19
**Подразделение:** Отдел автоматизации ПУ и ОУ
**Описание:** Необходимо обновить типовую конфигурацию «1С:Бухгалтерия предприятия, редакция 3.0» до последнего актуального релиза – 3.0.170.19. Также требуется установить последние патчи.
**Количество часов:** 8 часов
**Дополнительные требования:** В процессе обновления необходимо проверить работоспособность всех основных функций системы, убедиться в отсутствии ошибок после установки патчей. Если будут обнаружены ошибки, подготовить план их устранения."
61,БПФР-014762,СТ И Т ООО,Отдел автоматизации ПУ и ОУ,"Обновление информационной базы ""1С:Бухгалтерия предприятия, редакция 3.0""
Обновление информационной базы ""1С:Зарплата и Управление персоналом, редакция 3.1""",1.5,8,"Задание недостаточно детализировано. Необходимо указать конкретные шаги и действия, которые сотрудник должен выполнить во время обновления конфигураций. Например:  
- Скачать актуальные обновления с сайта поддержки ИТС;  
- Обновить информационную базу ЗУП;  
- Обновить информационную базу БУХ;  
- Проверить работоспособность обновлений в обеих базах.

Поле ""описание задач"" слишком короткое – необходимо расширить его, чтобы было понятно, какие именно изменения должны быть внесены в базы данных."
62,БПФР-014763,ТЗК ООО,Отдел автоматизации ПУ и ОУ,"Обновление типовой конфигурации ""1С:Бухгалтерия предприятия, редакция 3.0"" до последнего актуального релиза 3.0.170.19
Установка последних патчей.",1.0,10,"Задание сотруднику недостаточно детализировано. Необходимо уточнить, какие именно работы должны быть выполнены в рамках обновления конфигурации и установки патчей. Например: 

- Анализ текущей версии конфигурации и требований к обновлению.
- Скачивание и установка последнего релиза конфигурации 3.0.170.19.
- Применение последних патчей (если они имеются).
- Тестирование обновленной конфигурации на предмет работоспособности и отсутствия ошибок.
- Документирование результатов тестирования и возможных проблем.

Каждая из этих задач должна иметь четкие временные рамки и описания."
63,БПФР-014764,СМ ООО,Отдел автоматизации ПУ и ОУ,"Создание резервных копий информационных баз.
Обновление двух типовых конфигурации ""1С:Бухгалтерия предприятия, редакция 3.0"" с версии 3.0.169.15 до последнего актуального релиза 3.0.170.19
Обновление двух типовых конфигурации ""1С:Зарплата и управление персоналом редакция 3.1""  с версии 3.1.31.67 до последнего актуального релиза 3.1.32.17
Установка последних патчей.",2.0,8,"Замечания к заданию:

1. **Неполное описание**: В описании задания указано только то, что необходимо обновить две типовые конфигурации 1С и установить последние патчи. Однако нет информации о том, какие именно версии будут обновляться, как это связано с текущими версиями и почему выбран именно этот объем времени.
   
2. **Неточное использование терминологии**: Термин ""патчи"" может иметь разные значения в контексте ИТ, поэтому важно уточнить, что имеется в виду под установкой последних патчей – обновления безопасности, функциональные обновления конфигураций или что-то другое?

3. **Отсутствие контекста**: Не указано, зачем выполняется обновление, какова его цель, какие проблемы могут возникнуть, если этого не сделать, и каким образом можно проверить успешность выполнения задачи.

4. **Пояснение к количеству часов**: Часы указаны без пояснения, почему выбрано именно такое время. Рекомендуется объяснить, как было рассчитано это время, исходя из каких параметров (например, сложности конфигураций, количества объектов и т.д.).

Рекомендации:

1. Добавить информацию о версиях, между которыми происходит обновление.
2. Объяснить, почему выбран такой объем времени.
3. Привести ссылки на документацию или внутренние регламенты, касающиеся обновления данных конфигураций.
4. Обязательно указать, какие шаги будут предприняты после установки патчей для проверки их корректной работы."
64,БПФР-014766,ГОСТЕПРИИМСТВО ООО,Отдел автоматизации ПУ и ОУ,"Создание резервной копии информационной базы
Обновление типовой конфигурации ""1С:Зарплата и Управление Персоналом, редакция 3.1"" до последнего актуального релиза 3.1.32.17
Установка последних патчей.",1.0,8,Задание требует уточнения. Что именно подразумевается под обновлением конфигурации? Какие конкретные шаги должны быть выполнены? Нужно ли сохранить данные или провести другие подготовительные действия перед обновлением?
65,БПФР-014767,АЛЬКОР ЗАО МПКФ,Отдел автоматизации ПУ и ОУ,"Создание резервных копий информационных баз.
Обновление информационной базы конфигурации ""1С:Бухгалтерия предприятия, редакция 3.0"" до последнего актуального релиза 3.0.170.19
Обновление информационной базы типовой конфигурации ""1С:Зарплата и Управление персоналом, редакция 3"" до последнего актуального релиза 3.1.32.17
Обновление информационной базы конфигурации ""1С:Управление нашей фирмой, редакция 3.0"" до последнего актуального релиза 3.0.10.225
Установка последних патчей.",1.5,8,"Задание сотруднику: **недостаточно детализировано**. В нем отсутствуют важные моменты, такие как конкретные шаги выполнения обновления, проверка успешности обновления, тестирование функциональности после обновления, контроль за выполнением задач в установленные сроки. Также указано общее количество часов без распределения по каждой задаче отдельно.

Рекомендации:
1. Разделить общее время на выполнение каждой задачи отдельно.
2. Добавить пункты о проверке обновлений на тестовых базах перед применением к рабочим базам.
3. Указать необходимость контроля ошибок и отчетов после обновления.
4. Уточнить, кто будет отвечать за каждую задачу и установить дедлайны."
66,БПФР-014768,ГАЗАВТОМАТИКА ООО,Отдел автоматизации ПУ и ОУ,"Создание резервной копии информационной базы
Обновление типовой конфигурации ""1С:Бухгалтерия предприятия, редакция 3.0"" до последнего актуального релиза 3.0.170.19
Установка последних патчей.",1.0,8,"Задание содержит недостаточно информации о том, что именно необходимо сделать в рамках обновления конфигурации ""1С:Бухгалтерия предприятия, редакция 3.0"". Рекомендуется уточнить следующие моменты:

1. Какие конкретные действия должны быть выполнены в процессе обновления? Например, настройка параметров учета, перенос данных, обновление регистров и т.д.
2. Требуется ли выполнить дополнительные настройки после обновления, например, настройку прав доступа или изменение алгоритмов расчета.
3. Нужно ли тестировать обновленную конфигурацию после установки?
4. Если есть какие-либо особенности, связанные с версией платформы или спецификой работы организации, это также стоит указать."
67,БПФР-014769,АВТО ТЮНИНГ ООО,Отдел автоматизации ПУ и ОУ,"Создание резервной копии информационной базы
Обновление типовой конфигурации ""1С:Бухгалтерия предприятия, редакция 3.0"" до последнего актуального релиза 3.0.170.19
Установка последних патчей.",1.0,8,"Задание недостаточно детализировано. Необходимо уточнить:
- Какие конкретные шаги будут выполнены при обновлении конфигурации?
- Требуется ли перенос данных или настройка новых функциональностей?
- Есть ли какие-то специфические требования или ограничения, которые следует учитывать при обновлении?"
68,БПФР-014770,СК ЗОТОН ГРУПП ООО,Отдел автоматизации ПУ и ОУ,Установка клиентских лицензий. Выдача прав пользователям в учебной базе. Установка общего доступа к файлу с базой.,1.0,10,"Задание недостаточно детализировано. Необходимо уточнить:

- Какие конкретные действия будут выполнены (например, установка лицензий, настройка прав пользователей, настройка общего доступа)?
- Есть ли какие-то специфические требования или ограничения?
- Нужно ли выполнить дополнительные проверки после выполнения задач?

Без этих деталей сложно оценить объем работы и её сложность."
69,БПФР-014778,ТЕХНО-ЦЕНТР ООО,Отдел автоматизации ЗУП,1. В Бухгалтерии в документе Отпуск данные для расчета среднего заработка настроить округление. 2. В документе Отпуск в расчетном периоде в январь не корректно попадает доля РК.,0.5,7,"Задание требует уточнения:  
- Что именно подразумевается под темой ""доля РК"" и почему это важно?  
- Какие конкретные шаги должны быть выполнены для настройки документа ""Отпуск""?  
- Требуется ли проверка правильности расчета среднего заработка после внесения изменений?"
70,БПФР-014887,БСТ ООО,Отдел автоматизации БУ и УУ,"Работа с пользователями Шахты ""Большевик"", Шахты ""Антоновская"", ПВВ",31.25,1,"Задание недостаточно конкретное. Необходимо уточнить, какие именно действия должны быть выполнены с пользователями шахт ""Большевик"", ""Антоновская"" и ПВВ, и как это связано с автоматизацией бухгалтерского и управленческого учета. Например:

**Шахты ""Большевик"", Шахты ""Антоновская"", ПВВ**  
Отдел автоматизации БУ и УУ  
Работа с пользователями этих шахт включает следующие этапы:  
- Анализ текущего состояния систем и процессов;  
- Обновление учетных политик и нормативной документации;  
- Настройка прав доступа и ролей пользователей;  
- Разработка инструкций для новых пользователей;  
- Обучение сотрудников работе с новыми системами и процессами.  
Общее время выполнения задания – **31.25 часа**."
71,БПФР-013727,АВТО ТЮНИНГ ООО,Отдел автоматизации ПУ и ОУ,"Инициатор: Гнатюк Т.А.

Устанавливаем на НОВЫЙ компьютер 1с Бухгалтерию, которую я покупал ранее у вас.
Создаем 2 базы старую до 31 декабря 2023 и Новую чистую с 1 января 2024г. Тоесть при запуске 1с будет вход по типу Бухгалтерия старая - Бухгалтерия новая.
Берем остатки запасов по складу из 1С АВТОСЕРВИС (важно не из старой бухгалтерии !!!) на 1 января 2024 и загружаем их в новую бухгалтерию. 

Далее как то делаем доступ бухгалтеру с ее компьютера к новому компьютеру например через сервер апач. Чтобы она могла из дома работать в бухгалтерии при включенном компе в офисе.
Соответственно делаем входы для 2 разных пользователей Директор с правами админа Бухгалтер с его правами.",13.0,8,"Замечания:
1. В задании отсутствует четкое указание на последовательность действий (шаги), что может привести к путанице.
2. Не указаны необходимые настройки сервера Apache и параметры доступа.
3. Нет упоминания о безопасности данных при удаленном доступе.
4. Необходимо уточнить, какие именно пользователи будут иметь доступ и какие у них будут права.
5. Важно также прописать шаги по настройке резервного копирования данных.
6. Следует добавить информацию о проверке соответствия настроек новой базы данным старой базы, чтобы избежать ошибок в переносе данных."
72,БПФР-014782,ТЕХНО-ЦЕНТР ООО,Отдел автоматизации ПУ и ОУ,Обновление нетиповой конфигурации 1С: БУхгалтерия до версии 3.0.170.19,1.5,8,"Задание требует уточнения: необходимо конкретизировать работы, которые должны быть выполнены в рамках обновления нетиповой конфигурации 1С: БУхгалтерия до версии 3.0.170.19. Например, включить пункты о проверке совместимости с другим ПО, тестировании обновленной системы и т.д."
73,БПФР-014771,КЕЖУЙ НЕФТЕГАЗОВЫЕ УСЛУГИ ООО,Отдел автоматизации ЗУП,"Тикет №КЖ000000137
Инициатор: Титаренко Виктория Сергеевна
Неверное заполнение ведомости на выплату ЗП",2.5,8,"Задание содержит недостаточно информации о работах, которые необходимо выполнить. Необходимо уточнить, какие именно действия должен предпринять сотрудник для исправления неверного заполнения ведомости на выплату ЗП."
74,БПФР-014772,ТСМ АО,Отдел автоматизации ЗУП,"Инициатор: Воллерт Инна Юрьевна
Вывести список сотрудников в 1С:ЗУП",0.25,8,"Задание недостаточно детализировано. Необходимо уточнить объем работы, например:

**Описание задачи:** Вывести список сотрудников с указанием их ФИО, должности и оклада за последний месяц.

**Объем работы:** 1 час."
75,БПФР-014773,УРАЛСИБГИДРОСТРОЙ АО,Отдел автоматизации ПУ и ОУ,"Установка ERP, сделать ЛК на портале ИТС, предложить подключить сервисы 1С-ЭДО, 1С-Отчетность, 1С-РПД. 
Контактное лицо - Кравченко Леонид +7 (3462) 319358, 89124137843",0.25,10,"Замечания:
1. **Количество часов**: Указано слишком мало времени на выполнение всего задания. Рекомендуется уточнить время, необходимое для выполнения всех задач.
2. **Описание задачи**: Важно четко указать все шаги и задачи, которые должны быть выполнены. В данном случае нужно подробно описать процесс установки ERP, создания личного кабинета на портале ИТС, подключения сервисов 1С-ЭДО, 1С-Отчетность и 1С-РПД.
3. **Контактное лицо**: Желательно указать полное имя контактного лица и его должность для лучшей идентификации.

Рекомендации:
1. Разделить задачу на несколько этапов с указанием примерного количества часов на каждый этап.
2. Добавить ссылку на документацию или инструкции, если они есть.
3. При необходимости, включить дополнительные комментарии по каждому этапу работы."
76,БПФР-014774,ТСМ АО,Отдел автоматизации ЗУП,"Инициатор: Собольникова Анна Сергеевна 
(7-3456-25-30-90 доб. 121)
Задание: 
1. Проверить вычеты у следующих сотрудников: Собольникова АС, Яковлев ДА, Чудинова ИП.
2. Выяснить причину отсутствия вычетов у следующих сотрудников: Сулейманова МТ, Поляков ЕВ, Нартымова ВЮ, Никитин АА, Нургазина ЛА, Фирсов ДВ.",0.75,8,"Задание недостаточно детализировано. Необходимо более четко указать, какие именно вычеты следует проверить и почему требуется выяснить причины отсутствия вычетов у указанных сотрудников. Также стоит уточнить, какие действия ожидаются от сотрудника в рамках выполнения этого задания."
77,БПФР-014776,ГАЗАВТОМАТИКА ООО,Отдел автоматизации ЗУП,"Инициатор: Каранкевич Ольга Витальевна
тел. (40-60-65, 8-904-495-83-20)
Ошибка в НДФЛ по Каранкевич СВ",0.25,1,"Задание недостаточно детализировано. Необходимо указать, какая именно ошибка допущена в НДФЛ, какие действия следует предпринять для её устранения и какие проверки необходимо провести."
78,БПФР-014775,ГАЗХОЛОДМАШ ООО,Отдел автоматизации ЗУП,"Инициатор: Марьяна
Через помощника перехода на новые начисления оплат по среднему выделить из Командировки доли РК СН",0.25,8,"Задание требует уточнения: какие именно начисления по среднему нужно выделить? Какие доли и для каких целей? Также необходимо указать конкретные шаги или действия, которые нужно предпринять."
79,БПФР-014781,СОГЛАСИЕ ООО,Отдел автоматизации ЗУП,Не отправляется Заявление в СФР о возмещении выплат родителям детей - инвалидов,0.25,1,"**Комментарий к заданию:**

Описание задачи недостаточно детализировано. Необходимо уточнить, какие конкретные шаги должны быть выполнены для решения проблемы с отправкой заявления (например, проверить правильность заполнения заявления, корректность предоставленных данных и т.д.). Также стоит указать, есть ли какие-то специфические требования или ограничения, связанные с данной задачей.

**Замечание:**
Уточните задачу, чтобы было понятно, что именно нужно сделать для её выполнения."
80,БПФР-014783,АЛЬКОР ЗАО МПКФ,Отдел автоматизации ЗУП,"Инициатор: Валова Ирина Владимировна (8-922-267-66-37)

Задание: 
1. Как в программе правильно принять сотрудника по срочному договору
2. Установить напоминая на дни рождения сотрудникам и на срочные трудовые договора",0.25,10,"Задание требует доработки. Необходимо уточнить, какие именно действия должны быть выполнены для установки напоминаний о днях рождения сотрудников и срочных трудовых договорах, и как это связано с консультацией по 1С ЗУП. Также важно указать, нужно ли установить напоминания только для срочных договоров или также для других типов договоров."
81,БПФР-014784,ОМЕГА ООО,Отдел автоматизации ПУ и ОУ,"Создание резервной копии информационной базы
Обновление типовой конфигурации ""1С:Бухгалтерия хлебобулочного и кондитерского предприятия 3.0"" с релиза 3.0.161.22 -> 3.0.165.21 -> 3.0.169.15
Установка последних патчей.",2.0,8,"Задание содержит недостаточно информации о сути работы и ожидаемых результатах. Необходимо уточнить:
- Зачем создается резервная копия? (например, перед обновлением)
- Какие именно действия будут выполнены в рамках обновления конфигурации (например, удаление старых версий, установка новых)?
- Нужно ли тестировать обновление после установки патчей?
- Есть ли какие-то специфические требования к процессу обновления (например, проверка совместимости с другими системами)?"
82,БПФР-014785,ПУРГАЗ АО,Отдел автоматизации ЗУП,"Тикет №ПЗ000000291
Инициатор: Гульчак Ольга Николаевна
О приведении в соответствие табеля рабочего времени (включить в условные обозначения ПР прогул)",2.0,8,"Задание недостаточно детализировано. Необходимо уточнить, какие именно действия должны быть выполнены для приведения табеля в соответствие (например, добавить прогулы, пересчитать рабочие часы и т.д.)."
83,БПФР-014786,ПУРГАЗ АО,Отдел автоматизации ПУ и ОУ,"Тикет №ПЗ000000292
Инициатор: Гульчак Ольга Николаевна
СЭДО",0.5,8,"Задание недостаточно детализировано. Необходимо уточнить объем работы и ее содержание. Пример правильного уточнения:

**Тикет №ПЗ000000292**  
**Отдел автоматизации ПУ и ОУ**  
**Описание задачи:**  
- Настроить интеграцию с системой СЭДО.  
- Проверить соответствие данных в системе и в документах инициатора.  
- Исправить ошибки в случае их обнаружения.  
- Документировать изменения.  

**Количество часов:** 4  
**Примечание:** Выполнить все указанные действия в срок до 16:00 сегодняшнего дня."
84,БПФР-014793,ТСМ АО,Отдел автоматизации ЗУП,"Инициатор: Собольникова Анна Сергеевна 
(7-3456-25-30-90 доб. 121)
Задание: 
Откорректировать НДФЛ за 2024 год по следующим сотрудникам:      

1. Абайдулин   Александр Марсильевич
2. Алексеев   Сергей Николаевич
3. Аминов Расул Фаридович     
4. Бойкобилов Махаммади Жовлиевич       
5. Бойкобилов Шухрат Холикулович      
6. Валинуров Рамиль Галимзянович       
7. Логвиненко  Андрей Васильевич
8. Собольникова Анна Сергеевна   
9. Солобоева Анна Сергеевна
10. Суменков  Евгений Анатольевич
11. Третьяков Сергей Владимирович
12. Фирсов   Дмитрий Валерьевич
13. Холикулов Санжар Шухрат Угли
14. Холмуродов Сирожиддин Шералиевич
15. Чудинова   Ирина Петровна      
16. Шестаков   Денис Валериевич       
17. Юркова   Зинаида Юрьевна
  ",6.25,10,"Задание сотруднику содержит недостаточно информации о том, что именно требуется изменить в НДФЛ за 2024 год. Необходимо уточнить конкретные корректировки, например, пересчет налоговых обязательств по какому-то периоду, добавление новых данных и т.п. В текущем виде задание выглядит слишком общим и может привести к ошибкам."
85,БПФР-014794,ПАЛЛАДА ООО,Отдел автоматизации ПУ и ОУ,"1. Подготовка инструкции по работе с маркировкой ""Честный знак"";
2. Разработка доработки синхронизации штрих-кодов номенклатуры для ИС МП ""Честный знак"" между 1С:Комплексня Автоматизация и 1С:Бухгалтерия Предприятия;
3. Подключение сервиса 1С:ЭДО.",22.0,8,"Задание недостаточно детализировано. Необходимо уточнить следующие моменты:

1. Какие конкретные шаги будут предприняты для подготовки инструкции?
2. Какие требования к разработке доработки синхронизации штрих-кодов?
3. Какой именно сервис 1С:ЭДО необходимо подключить?
4. Есть ли какие-то дополнительные требования к срокам выполнения или контрольным точкам?

Подобные уточнения помогут сотрудникам лучше понять задачу и качественно её выполнить."
86,БПФР-014797,ТСИ ООО,Отдел автоматизации ЗУП,"Инициатор: Соловьева Наталья Сергеевна (8-922-268-92-06)
После увольнения необходимо внести исправления по сотрудникам: Ивлев АВ, Корнеев ВА, Орлов ЕВ., но через исправление в программе не получается исправить, выходит ошибка.",0.5,7,"Задание требует уточнения:  
* Что именно нужно исправить?  
* Какие ошибки возникают при попытке исправления через программу?  
* Есть ли конкретные сроки выполнения?"
87,БПФР-014755,СОГЛАСИЕ ООО,Отдел разработки,"При синхронизации документов ""Списание безналичных денежных средств"" и ""Списание с расчетного счета"" не подтягиваются договора",6.0,8,"**Замечания к заданию:**

1. **Ясность описания задачи:** В описании задачи важно четко указать проблему или цель, которую необходимо достичь. В данном случае указано, что ""не подтягиваются договора"", но не уточняется, почему это происходит и какой результат ожидается после настройки.

2. **Объем часов:** Задание требует настройки синхронизации, что может включать в себя несколько этапов, таких как анализ текущей ситуации, настройку системы и тестирование. 6 часов кажется недостаточным временем для выполнения такой задачи.

3. **Конкретизация работ:** Описание работ должно быть более детализированным. Например, можно было бы указать конкретные шаги, такие как настройка связи между договорами и документами, проверка интеграции с другими системами и т.д.

4. **Цель задания:** Важно понимать, какая конечная цель стоит за выполнением этой работы. Например, должна ли быть обеспечена автоматическая связь между договорами и определенными видами операций? Или просто требуется отображение договоров в этих документах?

**Комментарий:** 
Для улучшения задания можно добавить больше деталей, чтобы сотрудники понимали, что именно нужно сделать и какого результата ожидать."
88,БПФР-014791,СОГЛАСИЕ ООО,Отдел автоматизации БУ и УУ,"Клиент обратился с просьбой настроить обмен по документам сборка разборка товара в блоке Склад.
Требуется настроить обмен.

На копии Srvr=""srv44"";Ref=""erp_test""; удалось зарегистрировать к обмену созданные клиентом сборки-разборки в базе.
Не были обнаружены все условия, когда документы встают к обмену: созданный документ с статусом сборка/разборка завершена не регистрировался при попытке добавить в регистрацию единичный документ.
Не был протестирован механизм приема документа и его отражения в БП.",2.0,8,"Задание требует уточнения:  
* Какие именно условия не выполнены для регистрации документов?  
* Что значит ""не был протестирован механизм приема документа""?  
* Требуется более детальное описание проблемы с указанием конкретных шагов и этапов настройки обмена."
89,БПФР-014792,КЕЖУЙ НЕФТЕГАЗОВЫЕ УСЛУГИ ООО,Руководство,"Тикет №КЖ000000141
Инициатор: Стадниченко Ольга Петровна
Декларация по налогу на имущество.",3.0,8,"Замечания:
- В описании задачи недостаточно информации о том, что именно требуется сделать с декларацией по налогу на имущество.
- Объем часов (3 часа) кажется недостаточным для выполнения указанной работы.
- Рекомендуется более четко указать, какое расширение необходимо создать и какие счета исключаются из расчетов."
90,БПФР-014796,АЛЬКОР ЗАО МПКФ,Отдел автоматизации ЗУП,"Инициатор: Валова Ирина Владимировна (8-922-267-66-37)

Задание:
1. Как вывести всех сотрудников у которых есть трудовые книжки
2. Почему у Дмитриченко ДВ, Фахрутдинова, Слободчикова СН, Слободчикова АН не отражаются данные в СТД-Р по трудовым книжкам.",0.75,10,"Замечания:

1. В задании отсутствует четкое описание того, что именно требуется проверить или сделать с данными сотрудниками. Нужно уточнить, какие конкретно действия необходимо предпринять.
   
2. Указано количество часов меньше одного часа (0.75), однако это минимальное значение для указания количества часов. Если задача действительно требует такого небольшого объема времени, следует указать причину, почему она оценивается именно так.

Комментарии:

1. Для вывода списка сотрудников с трудовыми книжками можно использовать отчет «Анализ состояния трудовой книжки».
   
2. Проблемы с отображением данных в СТД-Р могут быть связаны с настройками программы или синхронизацией данных. Рекомендуется проверить параметры настройки СТД-Р и синхронизацию с системой ЭДО."
91,БПФР-014814,АЛЬКОР ЗАО МПКФ,Отдел разработки,"1. Формирование и настрока нового реквизита ""Вес"" в 1С:УНФ;
2. Настройка ролей и прав доступа в 1С:УНФ;",4.0,8,"Задание недостаточно детализировано. Необходимо уточнить, какие конкретные действия должны быть выполнены при настройке нового реквизита ""Вес"" и как именно будут настраиваться роли и права доступа в 1С:УНФ."
92,БПФР-014829,СИБИТЕК АО,Отдел автоматизации ЗУП,"Инициатор: Сафиханова Шахсанем (Алина) Сафихановна
Задача:НДФЛ не считает в б/л Атамирзаев Алишер",1.75,8,"Замечания:
- Задание содержит недостаточную информацию о проблеме. Требуется более детальное описание проблемы по сотруднику Атамирзаеву Алишеру.
- Не указано, какие именно ошибки были найдены и как они влияют на расчет НДФЛ.
- Рекомендуется добавить конкретные шаги по решению проблемы и уточнить, что значит ""пересчитать документы"", чтобы другие сотрудники могли повторить действия."
93,БПФР-014798,Чащилов Андрей Петрович ИП,Отдел автоматизации ПУ и ОУ,"Тикет №ЧАЩ00000004
Инициатор: Родина Елена Владимировна
Ошибка выгрузки из УТ в 1с бухгалтерию(Ref=""buh_tk"")",1.0,10,"Замечания:
1. В описании задачи важно указать суть ошибки и ожидаемый результат, а не только технические детали выгрузки.
2. В разделе ""Количество часов"" указано значение ""1.0"", что может быть недостаточно для выполнения задачи. Рекомендуется уточнить объем работы и указать более точное время."
94,БПФР-014799,ТСИ ООО,Отдел автоматизации ПУ и ОУ,При создание резервной копии произошло зависание,0.25,1,"Задание недостаточно детализировано. Нужно указать, какие конкретные действия должны быть выполнены для решения проблемы с зависанием при создании резервной копии. Например: **1. Определить причину зависания при создании резервной копии.**  
**2. Исправить проблему с зависанием.**  
**3. Протестировать работу системы после внесенных изменений.**"
95,БПФР-014800,ЗАВОДОУКОВСКИЙ МАШЗАВОД АО,Отдел разработки,"Тикет №ЗМЗ00000046
Инициатор: Мальцева Ольга Николаевна
Инвентаризация расчётов",16.0,8,"Замечания по заданию:

1. **Описание задачи**: В разделе ""Описание задачи"" важно четко указать цель инвентаризации и ожидаемый результат. Например: ""Провести полную инвентаризацию расчетов с контрагентами и клиентами, выявить ошибки и несоответствия в учете"".

2. **Количество часов**: 16 часов выглядит слишком большим объемом работы для одной инвентаризации. Возможно, стоит разделить задачу на несколько этапов или уточнить детали выполнения.

3. **Содержание работ**: Важно конкретизировать, какие именно действия будут выполнены в рамках этой задачи (например, проверка наличия документов, сверка остатков по счетам, анализ договоров).

4. **Наличие связи с другими тикетами**: Если это часть более крупного проекта или связано с другими задачами, лучше указать эту связь для лучшего понимания контекста.

Пожалуйста, учтите эти рекомендации при доработке задания."
96,БПФР-014801,ТСМ АО,Отдел автоматизации БУ и УУ,"Инициатор: Соколовская Алевтина Николаевна
Консультация по вопросам отражения на остатках  20.01 счета незавершенного производства. Консультация по вопросам правильности отражения начисления и зачету авансовых счет-фактур к книгах продаж и покупок за период 2-4кв.24г.",1.75,8,"Задание содержит недостаточно информации для понимания его сути. Необходимо уточнить:

1. Какие конкретно вопросы по отражению операций с незавершенным производством и авансовыми счет-фактурами требуется рассмотреть?
2. Какой результат ожидается от выполнения задания?
3. Есть ли какие-то специфические требования или ограничения, связанные с задачей?

Поле ""описание работ"" требует более четкого указания задач, чтобы можно было оценить объем работы и ее сложность."
97,БПФР-014802,Завод ТРДМ АО,Отдел автоматизации ЗУП,"Инициатор: Завьялова Светлана Анатольевна (8-904-491-41-23)
Прошу разобраться по следующим вопросам в программе
1. Почему в начислении у Баранова СЮ стоит доля неполного времени?
2. Почему не начисляются резервы на отпуска за январь 2025?
3. Почему по уволенному сотруднику (Шишкина ЮА) не вся сумма попадает в 6-НДФЛ",1.5,10,"**Комментарии:**

1. В задании недостаточно информации о сути вопросов и проблемах, требующих решения. Например, требуется пояснить, почему в начислении у конкретного сотрудника доля неполного времени, и какие именно данные необходимо проверить.
   
2. Вопрос о резервах на отпуска должен содержать более детальное описание проблемы, включая расчетные периоды и особенности настройки программы.

3. По вопросу с Шишкиной Ю.А. важно уточнить, какая именно часть суммы не попадает в 6-НДФЛ и как это отображается в системе.

**Рекомендации:**

1. Уточните вопросы и задачи, чтобы сотрудник мог четко понять, что именно нужно исследовать и изменить в программе.

2. Обозначьте приоритеты задач и выделите ключевые моменты, требующие внимания.

3. Четко укажите, сколько времени отведено на выполнение каждого пункта задания."
98,БПФР-014803,КОРЕНТА ООО,Отдел автоматизации ПУ и ОУ,"Создание резервных копий информационных баз.
Обновление информационной базы типовой конфигурации ""1С:Бухгалтерия предприятия, редакция 3.0"" до последнего актуального релиза 3.0.170.19
Обновление информационной базы типовой конфигурации ""1С:Зарплата и Управление персоналом, редакция 3.1"" до актуальной версии 3.1.32.17
Установка патчей.",1.0,8,"Задание требует уточнения:
- Какие именно патчи необходимо установить? Предоставьте список или ссылку на источник информации.
- Возможно, стоит указать порядок действий при обновлении, чтобы избежать ошибок (например, проверить режим совместимости, отключить блокировки и т.д.).
- Включите также проверку после обновления на предмет корректной работы системы."
99,БПФР-014805,КЕЖУЙ НЕФТЕГАЗОВЫЕ УСЛУГИ ООО,Отдел автоматизации ЗУП,"Тикет №КЖ000000138
Инициатор: Гарро Ксения Васильевна

Задача: Присвоить  необходимые виды обучения ко всем должностям, согласно загруженных протоколов обучения, чтоб в конечном итоге сформировался график проведения обучения и аттестации сотрудников.",32.0,10,"Задание требует уточнения: какие именно действия необходимо предпринять для укомплектования документов для графика обучения? Необходимо ли собрать данные по сотрудникам, выбрать подходящие курсы, распределить их по времени и должностям? Или же речь идет о более технической задаче, например, настройке системы для автоматического формирования графика?"
100,БПФР-014806,СОГЛАСИЕ ООО,Отдел автоматизации БУ и УУ,Работы в феврале по обращениям в телеграмм/видеоконференции в яндекс телемост,30.0,7,"Задание сотруднику представлено общими фразами без конкретики, что затрудняет понимание объема и содержания задач. Необходимо уточнить, какие именно работы должны быть выполнены, с какими системами работать и какую цель необходимо достичь."
101,БПФР-014807,ДИО-КОНСАЛТ ООО,Отдел разработки,Доработка анкеты компетенций,2.0,8,"Задание сотруднику недостаточно детализировано. Необходимо уточнить объем работы и конкретизировать задачи. Пример доработки:

**Анкеты компетенций** – доработка анкеты компетенций.
**Отдел разработки** – отдел, который будет выполнять задачу.
**Количество часов** – 2.0 (указать точное количество часов или дней).

**Описание работ**:
- **Ревизия вопросов анкеты**: проверка формулировок, логики и соответствия стандартам компании.
- **Обновление анкеты**: актуализация вопросов в соответствии с текущими требованиями бизнеса.
- **Тестирование анкеты**: проведение тестирования среди сотрудников для проверки удобства использования и эффективности.
- **Документирование изменений**: подготовка документации с описанием всех внесенных изменений."
102,БПФР-014808,ЗАВОДОУКОВСКИЙ МАШЗАВОД АО,Отдел автоматизации БУ и УУ,Задачи от гб змз полученные по коннекту,1.75,1,"Задание недостаточно детализировано. Необходимо уточнить, какие именно задачи должны быть выполнены в рамках темы февраля, сколько времени потребуется на каждую задачу и как они соотносятся с работой отдела автоматизации БУ и УУ."
103,БПФР-014892,ЗАВОДОУКОВСКИЙ МАШЗАВОД АО,Отдел автоматизации БУ и УУ,"Инициатор: Зыкова Татьяна Валерьевна
Задание: Вопрос по себестоимости Кедров, окоченных производством  в одном месяце и не оконченных (НЗП)",3.5,8,"Задание содержит недостаточно информации о том, что именно требуется проверить или рассчитать в части правильности исчисления налога на прибыль. Необходимо уточнить, какие конкретно аспекты необходимо проанализировать или какие расчеты провести."
104,БПФР-014649,КЕЖУЙ НЕФТЕГАЗОВЫЕ УСЛУГИ ООО,Отдел автоматизации ЗУП,"Звонок по телефону
Инициатор: Титаренко Виктория Сергеевна
В отчете Отражение удержанного НДФЛ отражается сумма без КБК ",0.25,1,"Задача сформулирована недостаточно четко. Необходимо более подробно описать, что именно требуется проверить или изменить в отчете. Например: 

- **Описание**: В отчете Отражение удержанного НДФЛ не отображается КБК. 
- **Рекомендации**: Проверить настройки отчета, убедиться, что все необходимые поля заполнены корректно, и настроить отчет должным образом."
105,БПФР-014816,ДИО-КОНСАЛТ ООО,Отдел автоматизации ПУ и ОУ,Лекции по 1С:УНФ для студентов ВУЗа.,4.0,1,"Задание недостаточно детализировано. Необходимо уточнить, какие именно лекции требуются (по каким темам), сколько времени требуется на подготовку каждой лекции, и есть ли дополнительные требования к содержанию или формату."
106,БПФР-014819,ТЕХНО-ЦЕНТР ООО,Отдел автоматизации ПУ и ОУ,"Доработать объект Договор Контрагентов, новый реквизит тип Булево ""Закрыт"". Вывести реквизит на форме элемента. Также доработать список договоров в карточке Контрагента, выводить только открытые договоры. ",8.0,9,"Замечания:
1. В описании задачи указано, что необходимо обновить объекты в двух системах – *1С: Альфа-Авто 5* и *1С: Бухгалтерия 8*. Однако это может потребовать разных подходов и времени. Рекомендуется разделить задачу на два отдельных задания.
2. В разделе «Описание задачи» упоминается новый реквизит «Закрыт», но не уточняется, как именно он должен работать. Необходимо определить логику его использования, например, можно ли менять статус договора с «открытого» на «закрытый».
3. В части «Доработки списка договоров в карточке контрагента» следует указать, где конкретно должна происходить фильтрация: в списке договоров или в отчете по договорам.
4. Общее время на выполнение задачи составляет **8 часов**, что может быть недостаточно для реализации всех указанных требований. Рекомендуется уточнить объем работы и разделить её на несколько этапов."
107,БПФР-014821,СТРОЙ-ИНВЕСТ ООО СК,Отдел автоматизации ПУ и ОУ,"Инициатор: Гулевская Надежда Ивановна (8-982-929-32-65)
Почему после обновления нельзя в авансе добавить вид начисления ""КТУ""",0.25,10,"Задача требует уточнения:  
* Какие именно действия нужно предпринять для решения проблемы с добавлением вида начисления ""КТУ""?  
* Необходимо ли обновление до определенной версии?  
* Есть ли ошибки или сообщения об ошибках при попытке добавить вид начисления?"
108,БПФР-014822,СОГЛАСИЕ ООО,Отдел разработки,"Клиент обратился с просьбой настроить обмен с фильтром ""без текущего"" опер дня для оперативного обмена в течение дня. Полный обмен всех документов должен происходит ночью.
Требуется:
- Разработать расширение, которое будет делать ""фильтр"" на документы к выгрузке для обмена ERP->БП без текущего дня;
- Полный обмен должен проходить ежедневно ночью;
- Частичный обмен (без текущего операционного дня) должен проходить несколько раз в течение раб. дня.
Требуется максимально оптимизировать время обмена для процедур обмена, проходящих несколько раз в день.",8.0,9,"Задание недостаточно детализировано. В нем не указано, какие именно действия должны быть выполнены для настройки фильтрации документов и оптимизации времени обмена. Например, необходимо уточнить, какой тип данных нужно фильтровать, какова структура расширений и каким образом будет происходить ночная полная выгрузка. Также стоит добавить, что конкретно нужно синхронизировать между системами ERP и БП."
109,БПФР-014823,СОГЛАСИЕ ООО,Отдел разработки,"Клиент обратился с просьбой настроить обмен по справочнику номенклатура таким образом, чтобы реквизит номенклатуры ГФУ в ERP передавалася в реквизит Вид номенклатуры в БП.
Требуется разработать расширение, которое по позициям номенклатуры, участвующим в обмене, будет транслировать ГФУ номенклатуры (Справочник.ГруппыФинансовогоУчетаНоменклатуры) в ERP в вид номенклатуры (Справочник.ВидыНоменклатуры) в БП.

Имеются виды номенклатуры с наименованием (и настройками счет отражения) 1в1 со всеми ГФУ в ERP.",8.0,9,"Замечания:
1. В задании отсутствует информация о текущем состоянии настройки синхронизации и о том, какие действия уже были предприняты.
2. Не указаны сроки выполнения задания и планируемая дата начала работы.
3. Необходимо уточнить, требуется ли разработка расширения только для определенной части номенклатуры или для всех позиций.
4. Важно прописать требования к виду номенклатуры в БП, который должен соответствовать ГФУ в ERP.

Комментарий:
Для более точного понимания задачи и успешного выполнения задания рекомендуется добавить больше деталей относительно текущего состояния интеграции, видов номенклатуры в БП и особенностей учета у клиента."
110,БПФР-014824,СОГЛАСИЕ ООО,Отдел автоматизации БУ и УУ,Работы в феврале по обращениям в телеграмм/видеоконференции в яндекс телемост,2.75,8,"Задание недостаточно детализировано. Нужно указать конкретные задачи, которые необходимо выполнить, с указанием сроков и ожидаемых результатов. Например: 

**Задание:**
- **Наименование:** Настройка отчетности по резерву на оплату отпусков.
- **Детализация:**
  1. Проверить корректность настройки отчета по резерву на оплату отпусков в бухгалтерском учете.
  2. Обновить форму отчета согласно новым требованиям законодательства.
  3. Протестировать отчет на нескольких примерах.
  4. Подготовить инструкцию по использованию обновленного отчета.
- **Дата завершения:** 15 февраля.
- **Результат:** Обновленный отчет по резерву на оплату отпусков, готовый к использованию и протестированный."
111,БПФР-014825,КЕЖУЙ НЕФТЕГАЗОВЫЕ УСЛУГИ ООО,Отдел автоматизации ЗУП,"Тикет №КЖ000000142
Инициатор: Титаренко Виктория Сергеевна
Разовые начисления - Премия за сверх. операции",2.25,10,"Задание недостаточно детализировано. Пример правильного оформления:

**Тикет №КЖ000000142**  
**Подразделение: Отдел автоматизации ЗУП**  
**Инициатор: Титаренко Виктория Сергеевна**  
**Наименование задачи: Разовые начисления – Премия за сверх. операции**  
**Количество часов: 2.25 ч**  
**Описание работы: Провести расчет премии за сверх. операции, внести данные в систему и подготовить отчетность.**"
112,БПФР-014826,Девятков Александр Владимирович ИП,Отдел автоматизации ПУ и ОУ,"Инициатор: Лаптева Маргарита Сергеевна
Задача: не попадание в книгу доходов по патенту операций по безналичным расчетам ",2.25,1,"Замечания по заданию:

1. **Неполное описание задачи**: В описании недостаточно конкретики о том, какие именно операции по безналичным расчетам должны быть учтены или исключены из книги доходов по патенту. Необходимо уточнить этот момент.
   
2. **Количество часов**: 2.25 часа явно недостаточно для выполнения поставленной задачи. Нужно либо пересмотреть объем работы, либо выделить более реалистичное время.

3. **Отсутствие контекста**: Не указано, к какому периоду относится данная задача, что может повлиять на ее приоритетность и сроки выполнения.

4. **Ясность формулировок**: Важно четко сформулировать задачу, чтобы избежать недопонимания со стороны исполнителя.

Рекомендации:
- Уточнить, какие именно операции необходимо исключить.
- Пересмотреть объем времени, необходимый для выполнения задачи.
- Добавить информацию о сроках выполнения и возможных приоритетах."
113,БПФР-014828,ТСМ АО,Отдел автоматизации ЗУП,"Инициатор: Собольникова Анна Сергеевна 
(7-3456-25-30-90 доб. 121)
Задание:
В 6-НДФЛ не встает сумма, которая была откорректирована операцией учета НДФЛ",0.25,8,"Задание требует уточнения: необходимо более подробно описать проблему с 6-НДФЛ и указать, какие именно шаги должны быть выполнены для её решения. Также стоит определить, требуется ли корректировка операций в базе данных или достаточно внести изменения в отчетность."
114,БПФР-014830,СИБИТЕК АО,Отдел автоматизации ЗУП,"Инициатор: Сафиханова Шахсанем (Алина) Сафихановна
Задача:НДФЛ не считает в б/л Атамирзаев Алишер",3.0,8,"Замечания:
1. **Детализация задачи**: В описании задачи недостаточно информации о том, что именно происходит с НДФЛ при больничном листе Атамирзаева Алишера.
2. **Избыточные часы**: Поле **""Количество часов""** заполнено с избытком (2 часа вместо необходимого минимума).
3. **Содержание задач**: Описание работы содержит повторение, но не добавляет новой полезной информации.
4. **Рекомендации**: Рекомендация касается общей практики компании без конкретики, как это связано с задачей.

Рекомендации:
- Добавить более точное описание проблемы, связанное с НДФЛ при больничных листах.
- Уменьшить количество часов до минимально необходимых для выполнения задачи.
- Четче формулировать рекомендации, основываясь на решении текущей задачи."
115,БПФР-014888,БСТ ООО,Отдел автоматизации БУ и УУ,"Работа с пользователями Шахты ""Большевик"", Шахты ""Антоновская"", ПВВ",31.25,1,"Задание недостаточно конкретное. Необходимо уточнить, какие именно действия должны быть выполнены в отношении пользователей шахт ""Большевик"", ""Антоновская"" и ПВВ, и как это связано с автоматизацией бухгалтерского и управленческого учета."
116,БПФР-014851,СИБИТЕК АО,Отдел автоматизации ЗУП,"Инициатор: Сафиханова Шахсанем (Алина) Сафихановна
Задача:Корректировка по сотрудникам Макарова и Бессонов",1.75,8,"Замечания:
1. Описание задачи (""Корректировка по сотрудникам Макарова и Бессонов"") недостаточно детализировано. Нужно уточнить, какие именно корректировки требуются.
2. Не указано, какое сальдо необходимо закрыть и как это связано с отсутствием подразделений в документах на выплату зарплаты.
3. Описание работ содержит повторение информации о том, что изменения были внесены и проверены.
4. Общее количество часов (1.75) кажется недостаточным для выполнения указанной задачи."
117,БПФР-014831,ПУРГАЗ АО,Отдел автоматизации БУ и УУ,"Инициатор: Ольга Гульчак
В 1С по 68 счету НДФЛ в уведомлении не отражаются проводки по КБК 18210102210011000110",0.25,1,"Задание недостаточно детализировано. Необходимо уточнить:
- Что именно требуется проверить или изменить?
- Какие ожидаемые результаты должны быть достигнуты после выполнения задачи?
- Есть ли какие-то конкретные шаги или действия, которые нужно предпринять?"
118,БПФР-014832,КЕЖУЙ НЕФТЕГАЗОВЫЕ УСЛУГИ ООО,Отдел автоматизации ЗУП,"Тикет №КЖ000000143
Инициатор: Титаренко Виктория Сергеевна
Виды начислений в р/л",,10,"Задача требует уточнения. Что конкретно нужно сделать с видами начислений в расчетных листах? Необходимо изменить существующие виды начислений или добавить новые? Если возможно, предоставьте более детальное описание работ."
119,БПФР-014834,КЕЖУЙ НЕФТЕГАЗОВЫЕ УСЛУГИ ООО,Отдел разработки,"Тикет №КЖ000000144
Инициатор: Бохинский Евгений Викторович
Добавлять файлы в заявку на покупку",2.0,10,"Задание недостаточно детализировано. Необходимо уточнить, какие именно действия должны быть выполнены для добавления файлов в заявку на покупку, а также указать критерии успешного выполнения задачи."
120,БПФР-014838,ИНЖЕНЕРНО-ТЕХНОЛОГИЧЕСКИЙ СЕРВИС ООО,Отдел автоматизации ЗУП,"Инициатор: Вернигора Ольга Сергеевна
Печатная форма доп. соглашения изменения МРОТа по документу ""Изменение плановых начислений"" в базе ИТС.",7.0,8,"Задание недостаточно детализировано. Необходимо уточнить, какие именно действия должен предпринять сотрудник для выполнения задачи, например:

- Найти печатную форму доп. соглашения об изменении МРОТ в базе ИТС.
- Проверить соответствие формы требованиям законодательства.
- При необходимости – скорректировать форму.
- Предоставить готовую печатную форму с внесенными изменениями."
121,БПФР-014839,СОГЛАСИЕ ООО,Отдел автоматизации БУ и УУ,Необходимо запретить пользователям менять номенклатуру в 1С:ERP АПК,1.5,1,Запрет на изменение номенклатуры в 1С:ERP АПК уже реализован через настройку прав доступа. Дополнительно проверьте наличие соответствующих ролей у пользователей.
122,БПФР-014840,СОГЛАСИЕ ООО,Отдел автоматизации БУ и УУ,Необходимо реализовать обмен между конфигурациями МЕС и ERP АПК через http по аналогии с обменом МЕС - БП СХ,33.25,8,"Задание содержит недостаточно информации о том, что именно необходимо синхронизировать между системами и как это должно работать. Важно уточнить детали: какие данные должны передаваться, в каком формате, какие действия будут выполняться на стороне обеих систем и т.д."
123,БПФР-014841,ЗЕРНОВОЕ ООО,Отдел автоматизации ПУ и ОУ,"Обновление типовой конфигурации ""1С:Бухгалтерия сельскохозяйственного предприятия, редакция 3.0"" до последнего актуального релиза 3.0.170.19
Обновление типовой конфигурации ""Зарплата и Управление Персоналом, редакция 3.1"" до последнего актуального релиза 3.1.32.17",1.0,10,"Задание сформулировано кратко, но требует уточнения:

1. **Что именно подразумевается под обновлением типовых конфигураций?** Например, нужно ли сохранить данные и настройки, какова последовательность действий, какие конкретные файлы будут использоваться?
   
2. **Какие версии будут обновляться и почему выбраны именно они?** Важно понимать, что последние актуальные релизы могут меняться, поэтому нужна ясность.

3. **Нужно ли дополнительно тестировать обновления перед внедрением?** Если да, то сколько времени это займет?

4. **Как будут фиксироваться результаты обновления?** Это может включать создание резервных копий данных, ведение логов и т.д.

5. **Есть ли необходимость в консультации со специалистами или согласовании с другими отделами?** Если да, то кто должен быть привлечен к этому процессу?

6. **Каковы ожидаемые сроки выполнения задачи?** Нужно уточнить, что 1 час – это минимальное время, необходимое для выполнения подобных задач, особенно если речь идет о сложных конфигурациях.

Эти детали помогут лучше понять объем работы и избежать возможных проблем при выполнении задания."
124,БПФР-014845,Агротехнический центр АО,Отдел автоматизации ПУ и ОУ,Подключение сервиса 1С:Распознавание первичных документов (1С:РПД),0.5,10,"Задание сотруднику представлено кратко, но требует уточнения. В текущем виде непонятно, какие конкретные действия должны быть выполнены для подключения сервиса 1С:Распознавание первичных документов (1С:РПД). Например, необходимо уточнить шаги, такие как настройка интеграции с системой, обучение сотрудников работе с сервисом, тестирование его функционала и т.д. Также важно указать, кто является инициатором этого задания и каковы сроки выполнения."
125,БПФР-014865,КЕЖУЙ НЕФТЕГАЗОВЫЕ УСЛУГИ ООО,Отдел автоматизации ЗУП,"Инициатор: Титоренко Виктория Сергеевна

Задача: в начисление заработной платы попадают перерасчеты всех сотрудников за январь",3.5,7,"Задачи с указанием количества часов менее 3 требуют более детального описания работ. В данном случае рекомендую добавить конкретику о том, какие именно перерасчеты необходимо провести и как они влияют на начисления зарплаты."
126,БПФР-014547,КЕЖУЙ НЕФТЕГАЗОВЫЕ УСЛУГИ ООО,Отдел автоматизации ЗУП,"Инициатор: Калачева Галина Юрьевна
Суточные сверх норм по Шамамедову и Тимирзякову ",1.25,8,"Замечания по заданию:

1. **Недостаточно конкретики**: В описании задачи указано только общее направление работы (""суточные сверх норм""), но нет четкого перечня действий, которые необходимо выполнить.
   
2. **Объем времени**: Указано, что на задачу требуется 1.25 часа, однако это очень мало для выполнения подобной задачи. Необходимо уточнить объем работы и определить, достаточно ли этого времени.

3. **Отсутствие контекста**: Не указано, кто такие Шамамедов и Тимирзяков, к каким договорам или периодам относятся эти суточные, что может потребовать дополнительного исследования.

4. **Неточность формулировки**: Формулировка ""создана инструкция по оценочным обязательствам и резервам по отпускам"" звучит двусмысленно и требует уточнения, так как она не соответствует стандартному описанию задачи по работе с суточными.

Рекомендации:
- Уточните описание задачи, добавив детали о том, какие именно действия нужно выполнить с суточными (например, расчет, корректировка, проверка).
- Определите более точное время, необходимое для выполнения задачи.
- Если возможно, укажите, к какому контракту, проекту или отчетному периоду относится данная работа."
127,БПФР-014884,ДИО-КОНСАЛТ ООО,Отдел разработки,Создание печатной формы УПД + Реестр принятых в работу и выполненных заявок ,10.0,8,"Задание требует уточнения: что именно подразумевается под ""созданием печатной формы УПД"" и ""реестром принятых в работу и выполненных заявок""? Необходимо более подробно описать процессы и их взаимосвязь. Также стоит указать, какие результаты ожидаются в итоге выполнения задания."
128,БПФР-014854,АЛЬКОР ЗАО МПКФ,Отдел автоматизации ЗУП,"Инициатор: Валова Ирина Владимировна (8-922-267-66-37)

Задание: 
1. Как в программе перевести сотрудников на другие должности",0.25,1,"Задание недостаточно детализировано. Необходимо уточнить, какие именно действия требуются для перевода сотрудников на другие должности, включая возможные расчеты и корректировки в системе."
129,БПФР-014857,Завод ТРДМ АО,Отдел автоматизации ЗУП,"Инициатор: Завьялова Светлана Анатольевна (8-904-491-41-23)
Почему в документе Погашение займа сотруднику отсутствует задолженность.",0.25,1,"Замечание: В описании задачи недостаточно информации. Пожалуйста, уточните, какая именно проблема с погашением займа сотруднику возникает, какие шаги уже предприняты и что конкретно требуется проверить или исправить."
130,БПФР-014858,КЕЖУЙ НЕФТЕГАЗОВЫЕ УСЛУГИ ООО,Отдел автоматизации ЗУП,Настройка подписантов в документах,0.5,10,"Задание недостаточно детализировано. Необходимо указать, какие конкретно действия должны быть выполнены для настройки подписантов, например:
- Добавление новых подписантов в систему
- Настройка ролей и прав доступа
- Обновление существующих конфигураций подписантов
- Тестирование функционала после настройки

Количество часов также требует уточнения, исходя из объема работы."
131,БПФР-014859,КЕЖУЙ НЕФТЕГАЗОВЫЕ УСЛУГИ ООО,Отдел разработки,"Тикет №КЖ000000145
Инициатор: Бохинский Евгений Викторович
Разработка отчета по услугам",5.0,8,Задание требует уточнения: что именно подразумевается под отчетом по услугам? Какие данные должны быть включены в отчет? Какой формат ожидается? Необходимо ли добавить дополнительные поля или фильтры?
132,БПФР-014867,ИНЖЕНЕРНО-ТЕХНОЛОГИЧЕСКИЙ СЕРВИС ООО,Отдел автоматизации ЗУП,Сопровождение при переходу ИТС из ЗУП 2.5 в ЗУП 3.1 (Опытная эксплуатация),33.0,8,"Задание недостаточно детализировано. Необходимо уточнить, какие конкретные шаги должны быть выполнены при сопровождении перехода с ИТС 2.5 на ИТС 3.1, например:
- Проверка соответствия данных между версиями;
- Настройка новых функциональностей;
- Тестирование работы системы после перехода;
- Подготовка документации и т.д."
